Gemeindename;Beschäftigte total
Aeugst am Albis;465
Affoltern am Albis;6633
Bonstetten;1020
Hausen am Albis;1126
Hedingen;1511
Kappel am Albis;322
Knonau;513
Maschwanden;165
Mettmenstetten;1606
Obfelden;1210
Ottenbach;695
Rifferswil;243
Stallikon;810
Wettswil am Albis;1217
Adlikon;145
Benken (ZH);258
Berg am Irchel;143
Buch am Irchel;195
Dachsen;384
Dorf;170
Feuerthalen;1050
Flaach;773
Flurlingen;429
Andelfingen;1449
Henggart;578
Humlikon;150
Kleinandelfingen;1034
Laufen-Uhwiesen;457
Marthalen;1123
Ossingen;401
Rheinau;496
Thalheim an der Thur;260
Trüllikon;317
Truttikon;100
Volken;106
Bachenbülach;1903
Bassersdorf;4427
Bülach;10432
Dietlikon;6157
Eglisau;1558
Embrach;3466
Freienstein-Teufen;576
Glattfelden;1031
Hochfelden;420
Höri;1209
Hüntwangen;330
Kloten;36675
Lufingen;356
Nürensdorf;1031
Oberembrach;274
Opfikon;19211
Rafz;1420
Rorbas;572
Wallisellen;19973
Wasterkingen;73
Wil (ZH);505
Winkel;924
Bachs;281
Boppelsen;269
Buchs (ZH);2338
Dällikon;2609
Dänikon;474
Dielsdorf;4055
Hüttikon;118
Neerach;659
Niederglatt;1392
Niederhasli;2239
Niederweningen;779
Oberglatt;1658
Oberweningen;284
Otelfingen;2384
Regensberg;200
Regensdorf;10558
Rümlang;6111
Schleinikon;127
Schöfflisdorf;375
Stadel;518
Steinmaur;765
Weiach;273
Bäretswil;1603
Bubikon;3273
Dürnten;1780
Fischenthal;734
Gossau (ZH);2584
Grüningen;1821
Hinwil;6958
Rüti (ZH);4756
Seegräben;560
Wald (ZH);3466
Wetzikon (ZH);13999
Adliswil;8310
Kilchberg (ZH);3987
Langnau am Albis;1485
Oberrieden;1009
Richterswil;4082
Rüschlikon;3113
Thalwil;6331
Erlenbach (ZH);2032
Herrliberg;1414
Hombrechtikon;2840
Küsnacht (ZH);6579
Männedorf;5073
Meilen;6007
Oetwil am See;2122
Stäfa;5935
Uetikon am See;1576
Zumikon;1754
Zollikon;6246
Fehraltorf;3984
Hittnau;757
Lindau;2569
Pfäffikon;5610
Russikon;1253
Weisslingen;841
Wila;634
Wildberg;238
Dübendorf;20367
Egg;2541
Fällanden;2934
Greifensee;1897
Maur;2239
Mönchaltorf;1330
Schwerzenbach;2882
Uster;16708
Volketswil;11025
Wangen-Brüttisellen;5593
Altikon;142
Brütten;357
Dägerlen;309
Dättlikon;172
Dinhard;361
Ellikon an der Thur;591
Elsau;1339
Hagenbuch;247
Hettlingen;644
Neftenbach;1583
Pfungen;1432
Rickenbach (ZH);483
Schlatt (ZH);126
Seuzach;2754
Turbenthal;1605
Winterthur;70719
Zell (ZH);1487
Aesch (ZH);344
Birmensdorf (ZH);2393
Dietikon;18100
Geroldswil;1928
Oberengstringen;1142
Oetwil an der Limmat;277
Schlieren;18139
Uitikon;991
Unterengstringen;967
Urdorf;6095
Weiningen (ZH);1450
Zürich;472396
Stammheim;1138
Wädenswil;9708
Elgg;1685
Horgen;10114
Illnau-Effretikon;6982
Bauma;1868
Wiesendangen;1417
Aarberg;2809
Bargen (BE);388
Grossaffoltern;637
Kallnach;1088
Kappelen;591
Lyss;8121
Meikirch;515
Radelfingen;254
Rapperswil (BE);933
Schüpfen;1312
Seedorf (BE);1210
Aarwangen;1618
Auswil;150
Bannwil;164
Bleienbach;640
Busswil bei Melchnau;49
Gondiswil;237
Langenthal;12541
Lotzwil;866
Madiswil;1277
Melchnau;727
Obersteckholz;89
Oeschenbach;112
Reisiswil;59
Roggwil (BE);1473
Rohrbach;520
Rohrbachgraben;144
Rütschelen;91
Schwarzhäusern;105
Thunstetten;1545
Ursenbach;422
Wynau;342
Bern;188231
Bolligen;1599
Bremgarten bei Bern;637
Kirchlindach;805
Köniz;22328
Muri bei Bern;9897
Oberbalm;305
Stettlen;653
Vechigen;1313
Wohlen bei Bern;1888
Zollikofen;7759
Ittigen;12697
Ostermundigen;7032
Biel/Bienne;40098
Evilard;345
Arch;561
Büetigen;116
Büren an der Aare;1991
Diessbach bei Büren;263
Dotzigen;756
Lengnau (BE);1633
Leuzigen;275
Meienried;16
Meinisberg;242
Oberwil bei Büren;194
Pieterlen;1244
Rüti bei Büren;554
Wengi;164
Aefligen;245
Alchenstorf;132
Bäriswil;172
Burgdorf;13453
Ersigen;531
Hasle bei Burgdorf;1175
Heimiswil;495
Hellsau;129
Hindelbank;931
Höchstetten;107
Kernenried;113
Kirchberg (BE);3048
Koppigen;890
Krauchthal;535
Lyssach;1442
Mötschwil;36
Oberburg;1211
Rüdtligen-Alchenflüh;1004
Rumendingen;141
Rüti bei Lyssach;24
Willadingen;48
Wynigen;721
Corgémont;675
Cormoret;110
Cortébert;235
Courtelary;695
La Ferrière;225
Mont-Tramelan;48
Orvin;472
Renan (BE);277
Romont (BE);34
Saint-Imier;3412
Sonceboz-Sombeval;1521
Sonvilier;314
Tramelan;2328
Villeret;924
Sauge;160
Péry-La Heutte;445
Brüttelen;303
Erlach;471
Finsterhennen;154
Gals;624
Gampelen;663
Ins;1675
Lüscherz;128
Müntschemier;1012
Siselen;247
Treiten;144
Tschugg;415
Vinelz;171
Bätterkinden;870
Deisswil bei Münchenbuchsee;199
Diemerswil;69
Fraubrunnen;1227
Jegenstorf;2140
Iffwil;153
Mattstetten;210
Moosseedorf;5118
Münchenbuchsee;5220
Urtenen-Schönbühl;3574
Utzenstorf;1829
Wiggiswil;37
Wiler bei Utzenstorf;357
Zielebach;49
Zuzwil (BE);72
Adelboden;2435
Aeschi bei Spiez;969
Frutigen;4120
Kandergrund;277
Kandersteg;706
Krattigen;264
Reichenbach im Kandertal;1410
Beatenberg;527
Bönigen;694
Brienz (BE);1562
Brienzwiler;141
Därligen;83
Grindelwald;3034
Gsteigwiler;152
Gündlischwand;108
Habkern;272
Hofstetten bei Brienz;300
Interlaken;6948
Iseltwald;110
Lauterbrunnen;2172
Leissigen;235
Lütschental;69
Matten bei Interlaken;1201
Niederried bei Interlaken;32
Oberried am Brienzersee;141
Ringgenberg (BE);711
Saxeten;34
Schwanden bei Brienz;69
Unterseen;3144
Wilderswil;1210
Arni (BE);256
Biglen;733
Bowil;390
Brenzikofen;85
Freimettigen;58
Grosshöchstetten;1694
Häutligen;82
Herbligen;167
Kiesen;388
Konolfingen;3079
Landiswil;284
Linden;546
Mirchel;138
Münsingen;6583
Niederhünigen;124
Oberdiessbach;1752
Oberthal;361
Oppligen;208
Rubigen;1211
Walkringen;927
Worb;4071
Zäziwil;461
Oberhünigen;77
Allmendingen;213
Wichtrach;1217
Clavaleyres;24
Ferenbalm;363
Frauenkappelen;513
Gurbrü;115
Kriechenwil;98
Laupen;1309
Mühleberg;1317
Münchenwiler;203
Neuenegg;1810
Wileroltigen;86
Belprahon;90
Champoz;39
Corcelles (BE);62
Court;693
Crémines;228
Eschert;131
Grandval;73
Loveresse;209
Moutier;3765
Perrefitte;83
Reconvilier;884
Roches (BE);48
Saicourt;361
Saules (BE);26
Schelten;27
Seehof;34
Sorvilier;67
Tavannes;1530
Rebévelier;24
Petit-Val;181
Valbirse;1710
La Neuveville;1524
Nods;146
Plateau de Diesse;376
Aegerten;345
Bellmund;285
Brügg;2983
Bühl;75
Epsach;92
Hagneck;68
Hermrigen;73
Jens;120
Ipsach;772
Ligerz;183
Merzligen;50
Mörigen;153
Nidau;3005
Orpund;657
Port;953
Safnern;551
Scheuren;137
Schwadernau;175
Studen (BE);1700
Sutz-Lattrigen;598
Täuffelen;1115
Walperswil;318
Worben;815
Twann-Tüscherz;387
Därstetten;318
Diemtigen;1275
Erlenbach im Simmental;707
Oberwil im Simmental;335
Reutigen;244
Spiez;5736
Wimmis;1227
Stocken-Höfen;196
Guttannen;183
Hasliberg;885
Innertkirchen;609
Meiringen;2675
Schattenhalb;588
Boltigen;490
Lenk;1787
St. Stephan;710
Zweisimmen;1775
Gsteig;398
Lauenen;371
Saanen;6750
Guggisberg;549
Rüschegg;439
Schwarzenburg;3225
Belp;5241
Burgistein;382
Gerzensee;297
Gurzelen;153
Jaberg;93
Kaufdorf;153
Kehrsatz;1003
Kirchdorf (BE);597
Kirchenthurnen;66
Lohnstorf;59
Mühlethurnen;303
Niedermuhlern;148
Riggisberg;1716
Rüeggisberg;628
Rümligen;131
Seftigen;645
Toffen;478
Uttigen;279
Wattenwil;1063
Wald (BE);617
Eggiwil;1273
Langnau im Emmental;6214
Lauperswil;1366
Röthenbach im Emmental;566
Rüderswil;867
Schangnau;552
Signau;1010
Trub;621
Trubschachen;1002
Amsoldingen;132
Blumenstein;366
Buchholterberg;531
Eriz;170
Fahrni;198
Heiligenschwendi;549
Heimberg;2438
Hilterfingen;933
Homberg;164
Horrenbach-Buchen;113
Oberhofen am Thunersee;748
Oberlangenegg;267
Pohlern;61
Schwendibach;63
Sigriswil;1798
Steffisburg;6263
Teuffenthal (BE);78
Thierachern;437
Thun;28452
Uebeschi;170
Uetendorf;3260
Unterlangenegg;345
Wachseldorn;76
Zwieselberg;93
Forst-Längenbühl;185
Affoltern im Emmental;551
Dürrenroth;381
Eriswil;437
Huttwil;3119
Lützelflüh;1655
Rüegsau;1271
Sumiswald;2962
Trachselwald;366
Walterswil (BE);203
Wyssachen;529
Attiswil;374
Berken;41
Bettenhausen;123
Farnern;60
Graben;56
Heimenhausen;183
Herzogenbuchsee;3709
Inkwil;114
Niederbipp;2960
Niederönz;809
Oberbipp;827
Ochlenberg;185
Rumisberg;79
Seeberg;475
Thörigen;354
Walliswil bei Niederbipp;91
Walliswil bei Wangen;114
Wangen an der Aare;1232
Wangenried;110
Wiedlisbach;1185
Wolfisberg;42
Doppleschwand;212
Entlebuch;1636
Flühli;1016
Hasle (LU);863
Romoos;305
Schüpfheim;2425
Werthenstein;1794
Escholzmatt-Marbach;2348
Aesch (LU);549
Altwis;167
Ballwil;913
Emmen;16127
Ermensee;371
Eschenbach (LU);1489
Hitzkirch;2667
Hochdorf;5095
Hohenrain;1212
Inwil;1094
Rain;794
Römerswil;620
Rothenburg;5080
Schongau;382
Adligenswil;1610
Buchrain;2337
Dierikon;2139
Ebikon;6502
Gisikon;423
Greppen;149
Honau;131
Horw;5299
Kriens;12002
Luzern;81681
Malters;3584
Meggen;2250
Meierskappel;462
Root;4365
Schwarzenberg;463
Udligenswil;426
Vitznau;616
Weggis;2216
Beromünster;2797
Büron;1105
Buttisholz;1652
Eich;601
Geuensee;928
Grosswangen;1358
Hildisrieden;609
Knutwil;751
Mauensee;299
Neuenkirch;2582
Nottwil;2547
Oberkirch;2915
Rickenbach (LU);1308
Ruswil;3022
Schenkon;1110
Schlierbach;185
Sempach;2015
Sursee;13340
Triengen;3290
Wolhusen;2436
Alberswil;227
Altbüron;542
Altishofen;2504
Dagmersellen;3492
Ebersecken;231
Egolzwil;592
Ettiswil;913
Fischbach;199
Gettnau;626
Grossdietwil;377
Hergiswil bei Willisau;902
Luthern;709
Menznau;1528
Nebikon;1120
Pfaffnau;1559
Reiden;3805
Roggliswil;296
Schötz;1732
Ufhusen;323
Wauwil;679
Wikon;824
Zell (LU);1522
Willisau;4901
Altdorf (UR);6826
Andermatt;1126
Attinghausen;393
Bauen;39
Bürglen (UR);1864
Erstfeld;1496
Flüelen;903
Göschenen;209
Gurtnellen;225
Hospental;43
Isenthal;172
Realp;54
Schattdorf;2770
Seedorf (UR);631
Seelisberg;236
Silenen;445
Sisikon;93
Spiringen;292
Unterschächen;203
Wassen;242
Einsiedeln;6837
Gersau;655
Feusisberg;3493
Freienbach;14351
Wollerau;4119
Küssnacht (SZ);6974
Altendorf;3935
Galgenen;1278
Innerthal;49
Lachen;5047
Reichenburg;1185
Schübelbach;2803
Tuggen;1477
Vorderthal;250
Wangen (SZ);1683
Alpthal;182
Arth;4006
Illgau;204
Ingenbohl;3494
Lauerz;187
Morschach;737
Muotathal;1481
Oberiberg;413
Riemenstalden;43
Rothenthurm;841
Sattel;569
Schwyz;12379
Steinen;1229
Steinerberg;346
Unteriberg;862
Alpnach;3114
Engelberg;2519
Giswil;1388
Kerns;2521
Lungern;1112
Sachseln;3153
Sarnen;8287
Beckenried;1146
Buochs;1924
Dallenwil;796
Emmetten;370
Ennetbürgen;1557
Ennetmoos;709
Hergiswil (NW);3072
Oberdorf (NW);1333
Stans;9850
Stansstad;1841
Wolfenschiessen;891
Glarus Nord;8588
Glarus Süd;5056
Glarus;8387
Baar;24090
Cham;10116
Hünenberg;6898
Menzingen;1731
Neuheim;947
Oberägeri;1835
Risch;11107
Steinhausen;8522
Unterägeri;3281
Walchwil;1098
Zug;40963
Châtillon (FR);33
Cheiry;77
Cugy (FR);378
Fétigny;316
Gletterens;235
Lully (FR);319
Ménières;111
Montagny (FR);486
Nuvilly;118
Prévondavaux;18
Saint-Aubin (FR);442
Sévaz;400
Surpierre;144
Vallon;65
Les Montets;325
Delley-Portalban;199
Belmont-Broye;2462
Estavayer;4463
Cheyres-Châbles;330
Auboranges;61
Billens-Hennens;378
Chapelle (Glâne);40
Le Châtelard;113
Châtonnaye;154
Ecublens (FR);77
Grangettes;56
Massonnens;85
Mézières (FR);240
Montet (Glâne);32
Romont (FR);3786
Rue;240
Siviriez;580
Ursy;994
Villaz-Saint-Pierre;421
Vuisternens-devant-Romont;645
Villorsonnens;380
Torny;137
La Folliaz;176
Haut-Intyamon;374
Pont-en-Ogoz;382
Botterens;161
Broc;1016
Bulle;14648
Châtel-sur-Montsalvens;27
Corbières;161
Crésuz;25
Echarlens;134
Grandvillard;193
Gruyères;1172
Hauteville;102
Jaun;240
Marsens;981
Morlon;116
Le Pâquier (FR);226
Pont-la-Ville;127
Riaz;1199
La Roche;603
Sâles;732
Sorens;334
Vaulruz;569
Vuadens;1020
Bas-Intyamon;660
Val-de-Charmey;1095
Arconciel;107
Autigny;106
Avry;1459
Belfaux;643
Chénens;210
Corminboeuf;1034
Corserey;73
Cottens (FR);365
Ependes (FR);219
Ferpicloz;84
Fribourg;33368
Givisiez;4656
Granges-Paccot;4046
Grolley;836
Marly;2741
Matran;1398
Neyruz (FR);258
Noréaz;162
Pierrafortscha;43
Ponthaux;117
Le Mouret;852
Prez-vers-Noréaz;195
Senèdes;13
Treyvaux;399
Villars-sur-Glâne;9087
Villarsel-sur-Marly;16
Hauterive (FR);1179
La Brillaz;231
La Sonnaz;234
Gibloux;2756
Courgevaux;575
Courtepin;2578
Cressier (FR);719
Fräschels;106
Galmiz;130
Gempenach;100
Greng;44
Gurmels;825
Kerzers;2515
Kleinbösingen;127
Meyriez;309
Misery-Courtion;384
Muntelier;461
Murten;4693
Ried bei Kerzers;748
Ulmiz;165
Mont-Vully;1174
Alterswil;556
Brünisried;86
Düdingen;3979
Giffers;398
Bösingen;1062
Heitenried;308
Plaffeien;1593
Plasselb;156
Rechthalten;203
St. Antoni;519
St. Silvester;173
St. Ursen;382
Schmitten (FR);1574
Tafers;1780
Tentlingen;375
Ueberstorf;488
Wünnewil-Flamatt;2339
Attalens;728
Bossonnens;413
Châtel-Saint-Denis;3652
Granges (Veveyse);193
Remaufens;233
Saint-Martin (FR);207
Semsales;423
Le Flon;177
La Verrerie;259
Egerkingen;3707
Härkingen;3130
Kestenholz;611
Neuendorf;2042
Niederbuchsiten;644
Oberbuchsiten;684
Oensingen;5204
Wolfwil;655
Aedermannsdorf;199
Balsthal;2659
Gänsbrunnen;41
Herbetswil;137
Holderbank (SO);229
Laupersdorf;443
Matzendorf;423
Mümliswil-Ramiswil;781
Welschenrohr;251
Biezwil;81
Lüterkofen-Ichertswil;160
Lüterswil-Gächliwil;158
Messen;428
Schnottwil;318
Unterramsern;68
Lüsslingen-Nennigkofen;483
Buchegg;866
Bättwil;525
Büren (SO);181
Dornach;3146
Gempen;499
Hochwald;243
Hofstetten-Flüh;552
Metzerlen-Mariastein;268
Nuglar-St. Pantaleon;203
Rodersdorf;165
Seewen;293
Witterswil;499
Hauenstein-Ifenthal;84
Kienberg;112
Lostorf;956
Niedergösgen;1214
Obergösgen;484
Rohr (SO);28
Stüsslingen;211
Trimbach;1698
Winznau;266
Wisen (SO);90
Erlinsbach (SO);741
Aeschi (SO);236
Biberist;3204
Bolken;67
Deitingen;820
Derendingen;1941
Etziken;400
Gerlafingen;1530
Halten;116
Horriwil;209
Hüniken;15
Kriegstetten;423
Lohn-Ammannsegg;1017
Luterbach;1065
Obergerlafingen;586
Oekingen;94
Recherswil;411
Subingen;2533
Zuchwil;5248
Drei Höfe;89
Balm bei Günsberg;99
Bellach;2236
Bettlach;2184
Feldbrunnen-St. Niklaus;318
Flumenthal;354
Grenchen;10815
Günsberg;223
Hubersdorf;120
Kammersrohr;14
Langendorf;1393
Lommiswil;166
Oberdorf (SO);432
Riedholz;434
Rüttenen;318
Selzach;1744
Boningen;185
Däniken;2607
Dulliken;1384
Eppenberg-Wöschnau;278
Fulenbach;750
Gretzenbach;738
Gunzgen;824
Hägendorf;3111
Kappel (SO);563
Olten;21024
Rickenbach (SO);764
Schönenwerd;2198
Starrkirch-Wil;378
Walterswil (SO);163
Wangen bei Olten;2722
Solothurn;20737
Bärschwil;134
Beinwil (SO);139
Breitenbach;1739
Büsserach;670
Erschwil;468
Fehren;83
Grindel;59
Himmelried;119
Kleinlützel;430
Meltingen;137
Nunningen;675
Zullwil;128
Basel;185126
Bettingen;551
Riehen;5004
Aesch (BL);5618
Allschwil;10496
Arlesheim;6118
Biel-Benken;1041
Binningen;5933
Birsfelden;4364
Bottmingen;1490
Ettingen;1306
Münchenstein;11766
Muttenz;13036
Oberwil (BL);3767
Pfeffingen;347
Reinach (BL);11809
Schönenbuch;366
Therwil;3075
Blauen;93
Brislach;347
Burg im Leimental;35
Dittingen;283
Duggingen;634
Grellingen;327
Laufen;3828
Liesberg;634
Nenzlingen;78
Roggenburg;64
Röschenz;245
Wahlen;178
Zwingen;1047
Arisdorf;536
Augst;795
Bubendorf;2664
Frenkendorf;2160
Füllinsdorf;1925
Giebenach;188
Hersberg;32
Lausen;1675
Liestal;16479
Lupsingen;166
Pratteln;13865
Ramlinsburg;152
Seltisberg;238
Ziefen;443
Anwil;119
Böckten;534
Buckten;242
Buus;231
Diepflingen;166
Gelterkinden;2391
Häfelfingen;121
Hemmiken;61
Itingen;862
Känerkinden;46
Kilchberg (BL);19
Läufelfingen;404
Maisprach;227
Nusshof;79
Oltingen;151
Ormalingen;815
Rickenbach (BL);98
Rothenfluh;158
Rümlingen;147
Rünenberg;148
Sissach;4127
Tecknau;138
Tenniken;380
Thürnen;300
Wenslingen;183
Wintersingen;152
Wittinsburg;118
Zeglingen;114
Zunzgen;589
Arboldswil;93
Bennwil;193
Bretzwil;148
Diegten;389
Eptingen;376
Hölstein;890
Lampenberg;65
Langenbruck;361
Lauwil;90
Liedertswil;90
Niederdorf;853
Oberdorf (BL);868
Reigoldswil;488
Titterten;92
Waldenburg;392
Gächlingen;219
Löhningen;290
Neunkirch;867
Büttenhardt;70
Dörflingen;231
Lohn (SH);157
Stetten (SH);176
Thayngen;2624
Bargen (SH);88
Beringen;2294
Buchberg;216
Merishausen;215
Neuhausen am Rheinfall;5642
Rüdlingen;209
Schaffhausen;26411
Beggingen;123
Schleitheim;663
Siblingen;177
Buch (SH);69
Hemishofen;113
Ramsen;828
Stein am Rhein;1634
Hallau;975
Oberhallau;138
Trasadingen;226
Wilchingen;840
Herisau;9795
Hundwil;499
Schönengrund;166
Schwellbrunn;499
Stein (AR);476
Urnäsch;1059
Waldstatt;989
Bühler;647
Gais;1277
Speicher;1334
Teufen (AR);2781
Trogen;893
Grub (AR);296
Heiden;2873
Lutzenberg;284
Rehetobel;512
Reute (AR);217
Wald (AR);292
Walzenhausen;1153
Wolfhalden;698
Appenzell;4746
Gonten;730
Rüte;1275
Schlatt-Haslen;396
Schwende;1035
Oberegg;745
Häggenschwil;305
Muolen;426
St. Gallen;83369
Wittenbach;3611
Berg (SG);160
Eggersriet;398
Goldach;4294
Mörschwil;1211
Rorschach;5449
Rorschacherberg;2010
Steinach;1842
Tübach;806
Untereggen;269
Au (SG);4793
Balgach;3925
Berneck;2064
Diepoldsau;3244
Rheineck;1619
St. Margrethen;3218
Thal;4413
Widnau;4823
Altstätten;7239
Eichberg;289
Marbach (SG);701
Oberriet (SG);4854
Rebstein;1536
Rüthi (SG);1139
Buchs (SG);7819
Gams;1159
Grabs;3362
Sennwald;3803
Sevelen;2458
Wartau;1902
Bad Ragaz;3265
Flums;2496
Mels;3526
Pfäfers;1246
Quarten;1064
Sargans;3798
Vilters-Wangs;1651
Walenstadt;2220
Amden;493
Benken (SG);1145
Kaltbrunn;1704
Schänis;1403
Weesen;512
Schmerikon;1618
Uznach;3631
Rapperswil-Jona;16958
Gommiswald;1380
Eschenbach (SG);4027
Ebnat-Kappel;2191
Wildhaus-Alt St. Johann;1497
Nesslau;1869
Hemberg;344
Lichtensteig;736
Oberhelfenschwil;449
Neckertal;1505
Wattwil;4828
Kirchberg (SG);4950
Lütisburg;676
Mosnang;1115
Bütschwil-Ganterschwil;2267
Degersheim;1768
Flawil;4501
Jonschwil;1927
Oberuzwil;2187
Uzwil;6786
Niederbüren;645
Niederhelfenschwil;951
Oberbüren;2886
Zuzwil (SG);1904
Wil (SG);15120
Andwil (SG);611
Gaiserwald;2258
Gossau (SG);12959
Waldkirch;1484
Vaz/Obervaz;2646
Lantsch/Lenz;148
Schmitten (GR);65
Albula/Alvra;665
Surses;1344
Bergün Filisur;555
Brusio;815
Poschiavo;2117
Falera;173
Laax;1333
Sagogn;109
Schluein;315
Vals;656
Lumnezia;841
Ilanz/Glion;3272
Fürstenau;172
Rothenbrunnen;449
Scharans;395
Sils im Domleschg;308
Cazis;1222
Flerden;69
Masein;82
Thusis;2347
Tschappina;55
Urmein;67
Safiental;415
Domleschg;465
Avers;118
Sufers;79
Andeer;457
Casti-Wergenstein;30
Donat;128
Lohn (GR);26
Mathon;35
Rongellen;10
Zillis-Reischen;195
Ferrera;47
Rheinwald;362
Bonaduz;1608
Domat/Ems;3058
Rhäzüns;367
Felsberg;494
Flims;1732
Tamins;223
Trin;342
Zernez;805
Samnaun;1194
Scuol;3267
Valsot;398
Bever;320
Celerina/Schlarigna;1012
Madulain;80
Pontresina;1854
La Punt-Chamues-ch;238
Samedan;2866
St. Moritz;7286
S-chanf;273
Sils im Engadin/Segl;920
Silvaplana;879
Zuoz;772
Bregaglia;875
Buseno;14
Castaneda;88
Rossa;32
Santa Maria in Calanca;22
Lostallo;224
Mesocco;600
Soazza;138
Cama;259
Grono;954
Roveredo (GR);1065
San Vittore;497
Calanca;133
Val Müstair;1146
Davos;8740
Fideris;207
Furna;74
Jenaz;401
Klosters-Serneus;2293
Conters im Prättigau;70
Küblis;555
Luzein;447
Chur;32256
Churwalden;896
Arosa;2891
Maladers;101
Tschiertschen-Praden;138
Haldenstein;350
Trimmis;1181
Untervaz;682
Zizers;1186
Fläsch;192
Jenins;268
Maienfeld;1822
Malans;899
Landquart;5974
Grüsch;1165
Schiers;1449
Seewis im Prättigau;579
Breil/Brigels;699
Disentis/Mustér;1135
Medel (Lucmagn);167
Sumvitg;469
Tujetsch;616
Trun;593
Obersaxen Mundaun;592
Aarau;34418
Biberstein;320
Buchs (AG);5209
Densbüren;320
Erlinsbach (AG);961
Gränichen;2526
Hirschthal;790
Küttigen;1371
Muhen;1471
Oberentfelden;3982
Suhr;4751
Unterentfelden;2357
Baden;29342
Bellikon;696
Bergdietikon;1045
Birmenstorf (AG);1084
Ennetbaden;794
Fislisbach;1370
Freienwil;128
Gebenstorf;1777
Killwangen;688
Künten;409
Mägenwil;2725
Mellingen;1674
Neuenhof;2540
Niederrohrdorf;733
Oberrohrdorf;820
Obersiggenthal;1937
Remetschwil;523
Spreitenbach;8461
Stetten (AG);872
Turgi;943
Untersiggenthal;2726
Wettingen;8622
Wohlenschwil;329
Würenlingen;3570
Würenlos;2104
Ehrendingen;837
Arni (AG);274
Berikon;1622
Bremgarten (AG);4382
Büttikon;227
Dottikon;1170
Eggenwil;146
Fischbach-Göslikon;386
Hägglingen;876
Jonen;607
Niederwil (AG);1285
Oberlunkhofen;453
Oberwil-Lieli;457
Rudolfstetten-Friedlisberg;1008
Sarmenstorf;677
Tägerig;214
Uezwil;89
Unterlunkhofen;277
Villmergen;3806
Widen;851
Wohlen (AG);7891
Zufikon;1061
Islisberg;78
Auenstein;263
Birr;2446
Birrhard;309
Bözen;173
Brugg;8466
Effingen;229
Elfingen;70
Habsburg;76
Hausen (AG);1584
Lupfig;2331
Mandach;79
Mönthal;94
Mülligen;169
Remigen;280
Riniken;269
Rüfenach;210
Schinznach-Bad;1422
Thalheim (AG);260
Veltheim (AG);616
Villigen;1539
Villnachern;266
Windisch;4864
Bözberg;359
Schinznach;1202
Beinwil am See;933
Birrwil;269
Burg (AG);329
Dürrenäsch;820
Gontenschwil;976
Holziken;246
Leimbach (AG);120
Leutwil;199
Menziken;2041
Oberkulm;955
Reinach (AG);3621
Schlossrued;327
Schmiedrued;378
Schöftland;1722
Teufenthal (AG);346
Unterkulm;1069
Zetzwil;609
Eiken;1319
Frick;3695
Gansingen;181
Gipf-Oberfrick;794
Herznach;374
Hornussen;182
Kaisten;896
Laufenburg;2846
Münchwilen (AG);468
Oberhof;145
Oeschgen;314
Schwaderloch;230
Sisseln;1027
Ueken;147
Wittnau;229
Wölflinswil;326
Zeihen;265
Mettauertal;772
Ammerswil;76
Boniswil;222
Brunegg;547
Dintikon;1003
Egliswil;432
Fahrwangen;853
Hallwil;250
Hendschiken;435
Holderbank (AG);783
Hunzenschwil;1747
Lenzburg;9293
Meisterschwanden;1099
Möriken-Wildegg;1546
Niederlenz;1469
Othmarsingen;1362
Rupperswil;2156
Schafisheim;3805
Seengen;1212
Seon;2716
Staufen;555
Abtwil;193
Aristau;238
Auw;615
Beinwil (Freiamt);430
Besenbüren;126
Bettwil;233
Boswil;1299
Bünzen;290
Buttwil;275
Dietwil;206
Geltwil;81
Kallern;103
Merenschwand;1586
Mühlau;331
Muri (AG);5233
Oberrüti;359
Rottenschwil;166
Sins;2241
Waltenschwil;674
Hellikon;164
Kaiseraugst;5160
Magden;795
Möhlin;4042
Mumpf;228
Obermumpf;152
Olsberg;97
Rheinfelden;7904
Schupfart;185
Stein (AG);3605
Wallbach;918
Wegenstetten;213
Zeiningen;570
Zuzgen;247
Aarburg;3217
Bottenwil;155
Brittnau;692
Kirchleerau;277
Kölliken;1478
Moosleerau;372
Murgenthal;959
Oftringen;5259
Reitnau;622
Rothrist;4792
Safenwil;1650
Staffelbach;380
Strengelbach;1498
Uerkheim;374
Vordemwald;616
Wiliberg;33
Zofingen;10598
Baldingen;43
Böbikon;63
Böttstein;1614
Döttingen;2097
Endingen;757
Fisibach;113
Full-Reuenthal;171
Kaiserstuhl;87
Klingnau;1140
Koblenz;591
Leibstadt;1151
Lengnau (AG);1047
Leuggern;1164
Mellikon;133
Rekingen (AG);391
Rietheim;169
Rümikon;57
Schneisingen;340
Siglistorf;178
Tegerfelden;455
Wislikofen;157
Bad Zurzach;3149
Arbon;6191
Dozwil;247
Egnach;1957
Hefenhofen;685
Horn;1147
Kesswil;479
Roggwil (TG);1407
Romanshorn;5541
Salmsach;386
Sommeri;497
Uttwil;391
Amriswil;5936
Bischofszell;3283
Erlen;1360
Hauptwil-Gottshaus;655
Hohentannen;252
Kradolf-Schönenberg;1098
Sulgen;2279
Zihlschlacht-Sitterdorf;1251
Basadingen-Schlattingen;731
Diessenhofen;1695
Schlatt (TG);540
Aadorf;3570
Felben-Wellhausen;925
Frauenfeld;19878
Gachnang;1375
Hüttlingen;259
Matzingen;1047
Neunforn;365
Stettfurt;320
Thundorf;386
Uesslingen-Buch;416
Warth-Weiningen;595
Altnau;793
Bottighofen;894
Ermatingen;1159
Gottlieben;139
Güttingen;622
Kemmental;727
Kreuzlingen;11577
Langrickenbach;341
Lengwil;921
Münsterlingen;3064
Tägerwilen;3798
Wäldi;441
Affeltrangen;1223
Bettwiesen;270
Bichelsee-Balterswil;980
Braunau;255
Eschlikon;1701
Fischingen;1432
Lommis;460
Münchwilen (TG);2372
Rickenbach (TG);1035
Schönholzerswilen;331
Sirnach;3674
Tobel-Tägerschen;603
Wängi;1754
Wilen (TG);564
Wuppenau;411
Berlingen;353
Eschenz;579
Herdern;355
Homburg;795
Hüttwilen;717
Mammern;435
Müllheim;1130
Pfyn;683
Raperswilen;161
Salenstein;459
Steckborn;1438
Wagenhausen;356
Amlikon-Bissegg;515
Berg (TG);1713
Birwinken;353
Bürglen (TG);1490
Bussnang;2609
Märstetten;1074
Weinfelden;9071
Wigoltingen;1001
Arbedo-Castione;2686
Bellinzona;24625
Cadenazzo;1707
Isone;168
Lumino;355
Sant'Antonino;2292
Acquarossa;822
Blenio;590
Serravalle;619
Airolo;956
Bedretto;64
Bodio;446
Dalpe;39
Faido;1170
Giornico;343
Personico;115
Pollegio;278
Prato (Leventina);147
Quinto;616
Ascona;3055
Brione (Verzasca);84
Brione sopra Minusio;76
Brissago;1261
Corippo;X
Frasco;25
Gordola;1545
Lavertezzo;881
Locarno;12952
Losone;3134
Mergoscia;36
Minusio;1791
Muralto;1586
Orselina;491
Ronco sopra Ascona;139
Sonogno;42
Tenero-Contra;1194
Vogorno;44
Onsernone;242
Cugnasco-Gerra;509
Agno;2901
Aranno;30
Arogno;254
Astano;51
Bedano;1720
Bedigliora;153
Bioggio;5037
Bissone;204
Brusino Arsizio;85
Cademario;149
Cadempino;1837
Canobbio;926
Caslano;1472
Comano;971
Croglio;919
Cureglia;297
Curio;89
Grancia;1084
Gravesano;1031
Lamone;1643
Lugano;56193
Magliaso;527
Manno;5742
Maroggia;272
Massagno;1872
Melano;520
Melide;747
Mezzovico-Vira;2744
Miglieglia;57
Monteggio;741
Morcote;235
Muzzano;986
Neggio;103
Novaggio;340
Origlio;179
Paradiso;2963
Ponte Capriasca;228
Ponte Tresa;319
Porza;1096
Pura;179
Rovio;100
Savosa;1179
Sessa;108
Sorengo;1214
Capriasca;1427
Torricella-Taverne;1713
Vernate;60
Vezia;1106
Vico Morcote;149
Collina d'Oro;2257
Alto Malcantone;176
Monteceneri;2777
Balerna;4270
Castel San Pietro;1351
Chiasso;10631
Coldrerio;884
Mendrisio;16231
Morbio Inferiore;1594
Novazzano;1864
Riva San Vitale;918
Stabio;6223
Vacallo;540
Breggia;272
Biasca;3117
Riviera;1288
Bosco/Gurin;59
Campo (Vallemaggia);36
Cerentino;26
Cevio;631
Linescio;14
Maggia;654
Lavizzara;222
Avegno Gordevio;419
Terre di Pedemonte;641
Centovalli;403
Gambarogno;2158
Aigle;6058
Bex;2639
Chessel;122
Corbeyrier;104
Gryon;371
Lavey-Morcles;331
Leysin;1426
Noville;575
Ollon;2665
Ormont-Dessous;375
Ormont-Dessus;711
Rennaz;650
Roche (VD);590
Villeneuve (VD);2848
Yvorne;483
Apples;487
Aubonne;2962
Ballens;280
Berolle;46
Bière;544
Bougy-Villars;147
Féchy;223
Gimel;620
Longirod;66
Marchissy;77
Mollens (VD);53
Montherod;135
Saint-George;195
Saint-Livres;100
Saint-Oyens;42
Saubraz;43
Avenches;2640
Cudrefin;358
Faoug;151
Vully-les-Lacs;620
Bettens;92
Bournens;53
Boussens;98
La Chaux (Cossonay);80
Chavannes-le-Veyron;38
Chevilly;30
Cossonay;1329
Cottens (VD);103
Cuarnens;121
Daillens;1149
Dizy;60
Eclépens;1429
Ferreyres;51
Gollion;232
Grancy;82
L'Isle;333
Lussery-Villars;56
Mauraz;18
Mex (VD);1691
Moiry;54
Mont-la-Ville;68
Montricher;250
Orny;109
Pampigny;321
Penthalaz;1143
Penthaz;714
Pompaples;591
La Sarraz;581
Senarclens;113
Sévery;72
Sullens;103
Vufflens-la-Ville;389
Assens;385
Bercher;424
Bioley-Orjulaz;621
Bottens;242
Bretigny-sur-Morrens;120
Cugy (VD);1023
Echallens;2529
Essertines-sur-Yverdon;178
Etagnières;536
Fey;157
Froideville;248
Morrens (VD);134
Oulens-sous-Echallens;169
Pailly;159
Penthéréaz;114
Poliez-Pittet;251
Rueyres;79
Saint-Barthélemy (VD);335
Villars-le-Terroir;134
Vuarrens;159
Montilliez;247
Goumoëns;277
Bonvillars;131
Bullet;191
Champagne;430
Concise;183
Corcelles-près-Concise;125
Fiez;49
Fontaines-sur-Grandson;30
Giez;105
Grandevent;26
Grandson;1506
Mauborget;27
Mutrux;32
Novalles;29
Onnens (VD);111
Provence;138
Sainte-Croix;1579
Tévenon;134
Belmont-sur-Lausanne;522
Cheseaux-sur-Lausanne;2294
Crissier;9167
Epalinges;2969
Jouxtens-Mézery;121
Lausanne;119114
Le Mont-sur-Lausanne;8220
Paudex;1338
Prilly;6200
Pully;5729
Renens (VD);13283
Romanel-sur-Lausanne;1389
Chexbres;838
Forel (Lavaux);905
Lutry;2875
Puidoux;1904
Rivaz;132
Saint-Saphorin (Lavaux);68
Savigny;1485
Bourg-en-Lavaux;1869
Aclens;1545
Bremblens;382
Buchillon;96
Bussigny;6647
Bussy-Chardonney;75
Chavannes-près-Renens;3563
Chigny;59
Clarmont;47
Denens;112
Denges;949
Echandens;1380
Echichens;781
Ecublens (VD);15918
Etoy;2734
Lavigny;831
Lonay;1712
Lully (VD);207
Lussy-sur-Morges;257
Morges;10501
Préverenges;1521
Reverolle;82
Romanel-sur-Morges;457
Saint-Prex;2694
Saint-Sulpice (VD);1223
Tolochenaz;2328
Vaux-sur-Morges;75
Villars-Sainte-Croix;993
Villars-sous-Yens;89
Vufflens-le-Château;157
Vullierens;134
Yens;417
Boulens;70
Bussy-sur-Moudon;38
Chavannes-sur-Moudon;63
Curtilles;62
Dompierre (VD);73
Hermenches;63
Lovatens;34
Lucens;1249
Moudon;2574
Ogens;78
Prévonloup;35
Rossenges;14
Syens;26
Villars-le-Comte;30
Vucherens;188
Montanaire;644
Arnex-sur-Nyon;21
Arzier-Le Muids;394
Bassins;211
Begnins;478
Bogis-Bossey;93
Borex;98
Chavannes-de-Bogis;1201
Chavannes-des-Bois;52
Chéserex;168
Coinsins;563
Commugny;253
Coppet;848
Crans-près-Céligny;301
Crassier;428
Duillier;253
Eysins;1769
Founex;864
Genolier;1069
Gingins;294
Givrins;161
Gland;6241
Grens;132
Mies;824
Nyon;15823
Prangins;1723
La Rippe;183
Saint-Cergue;321
Signy-Avenex;664
Tannay;159
Trélex;188
Le Vaud;212
Vich;664
L'Abergement;37
Agiez;61
Arnex-sur-Orbe;172
Ballaigues;1076
Baulmes;360
Bavois;219
Bofflens;67
Bretonnières;46
Chavornay;2025
Les Clées;32
Croy;101
Juriens;60
Lignerolle;75
Montcherand;108
Orbe;4588
La Praz;26
Premier;41
Rances;87
Romainmôtier-Envy;164
Sergey;42
Valeyres-sous-Rances;173
Vallorbe;1492
Vaulion;161
Vuiteboeuf;169
Corcelles-le-Jorat;68
Essertes;59
Maracon;81
Montpreveyres;119
Ropraz;105
Servion;602
Vulliens;98
Jorat-Menthue;323
Oron;2230
Jorat-Mézières;820
Champtauroz;27
Chevroux;94
Corcelles-près-Payerne;691
Grandcour;214
Henniez;318
Missy;91
Payerne;6645
Trey;105
Treytorrens (Payerne);28
Villarzel;120
Valbroye;1188
Château-d'Oex;1702
Rossinière;158
Rougemont;343
Allaman;403
Bursinel;97
Bursins;422
Burtigny;131
Dully;109
Essertines-sur-Rolle;124
Gilly;322
Luins;155
Mont-sur-Rolle;473
Perroy;328
Rolle;4358
Tartegnin;95
Vinzel;103
L'Abbaye;1258
Le Chenit;5624
Le Lieu;629
Blonay;1735
Chardonne;663
Corseaux;406
Corsier-sur-Vevey;1559
Jongny;188
Montreux;12682
Saint-Légier-La Chiésaz;2569
La Tour-de-Peilz;3451
Vevey;14333
Veytaux;226
Belmont-sur-Yverdon;66
Bioley-Magnoux;42
Chamblon;266
Champvent;230
Chavannes-le-Chêne;63
Chêne-Pâquier;48
Cheseaux-Noréaz;262
Cronay;60
Cuarny;55
Démoret;49
Donneloye;156
Ependes (VD);66
Mathod;160
Molondin;104
Montagny-près-Yverdon;1554
Oppens;172
Orges;116
Orzens;81
Pomy;206
Rovray;36
Suchy;95
Suscévaz;38
Treycovagnes;84
Ursins;28
Valeyres-sous-Montagny;93
Valeyres-sous-Ursins;45
Villars-Epeney;22
Vugelles-La Mothe;23
Yverdon-les-Bains;18559
Yvonand;996
Brig-Glis;9534
Eggerberg;66
Naters;2343
Ried-Brig;379
Simplon;165
Termen;154
Zwischbergen;47
Ardon;782
Chamoson;1095
Conthey;3671
Nendaz;2273
Vétroz;1556
Bagnes;5461
Bourg-Saint-Pierre;164
Liddes;182
Orsières;1257
Sembrancher;578
Vollèges;534
Bellwald;185
Binn;69
Ernen;214
Fiesch;710
Fieschertal;243
Lax;88
Obergoms;390
Goms;573
Ayent;1037
Evolène;612
Hérémence;410
Saint-Martin (VS);216
Vex;598
Mont-Noble;183
Agarn;205
Albinen;81
Ergisch;52
Inden;28
Leuk;1533
Leukerbad;1024
Oberems;29
Salgesch;941
Varen;183
Guttet-Feschel;92
Gampel-Bratsch;726
Turtmann-Unterems;521
Bovernier;95
Charrat;741
Fully;2403
Isérables;233
Leytron;1499
Martigny;13087
Martigny-Combe;600
Riddes;1190
Saillon;748
Saxon;1913
Trient;65
Champéry;590
Collombey-Muraz;2890
Monthey;11248
Port-Valais;837
Saint-Gingolph;177
Troistorrents;925
Val-d'Illiez;531
Vionnaz;930
Vouvry;1586
Bister;12
Bitsch;311
Grengiols;168
Riederalp;422
Ausserberg;141
Blatten;76
Bürchen;184
Eischoll;88
Ferden;101
Kippel;125
Niedergesteln;119
Raron;1054
Unterbäch;158
Wiler (Lötschen);230
Mörel-Filet;364
Steg-Hohtenn;955
Bettmeralp;564
Collonges;94
Dorénaz;146
Evionnaz;644
Finhaut;101
Massongex;316
Saint-Maurice;1883
Salvan;294
Vernayaz;741
Vérossaz;96
Chalais;981
Chippis;472
Grône;476
Icogne;129
Lens;1663
Miège;241
Saint-Léonard;599
Sierre;11048
Venthône;202
Veyras;168
Anniviers;1427
Crans-Montana;4491
Arbaz;174
Grimisuat;750
Savièse;1539
Sion;33553
Veysonnaz;261
Baltschieder;152
Eisten;35
Embd;70
Grächen;559
Lalden;319
Randa;101
Saas-Almagell;176
Saas-Balen;111
Saas-Fee;1504
Saas-Grund;518
St. Niklaus;1152
Stalden (VS);357
Staldenried;81
Täsch;245
Törbel;165
Visp;9573
Visperterminen;491
Zeneggen;61
Zermatt;6717
Boudry;3628
Corcelles-Cormondrèche;1511
Cortaillod;1961
Peseux;1891
Rochefort;236
Milvignes;2540
La Grande Béroche;2970
La Chaux-de-Fonds;24933
Les Planchettes;53
La Sagne;340
Les Brenets;762
La Brévine;311
Brot-Plamboz;116
Le Cerneux-Péquignot;114
La Chaux-du-Milieu;108
Le Locle;7829
Les Ponts-de-Martel;526
Cornaux;775
Cressier (NE);1137
Enges;46
Hauterive (NE);660
Le Landeron;1164
Lignières;286
Neuchâtel;31287
Saint-Blaise;1333
La Tène;4485
Valangin;117
Val-de-Ruz;6948
La Côte-aux-Fées;306
Les Verrières;196
Val-de-Travers;5398
Aire-la-Ville;433
Anières;390
Avully;215
Avusy;202
Bardonnex;474
Bellevue;1285
Bernex;2539
Carouge (GE);24731
Cartigny;290
Céligny;85
Chancy;130
Chêne-Bougeries;4649
Chêne-Bourg;2917
Choulex;147
Collex-Bossy;199
Collonge-Bellerive;4195
Cologny;1937
Confignon;1022
Corsier (GE);324
Dardagny;590
Genève;180100
Genthod;832
Le Grand-Saconnex;11865
Gy;107
Hermance;185
Jussy;354
Laconnex;111
Lancy;19542
Meinier;823
Meyrin;21158
Onex;4370
Perly-Certoux;1603
Plan-les-Ouates;14515
Pregny-Chambésy;719
Presinge;192
Puplinge;1040
Russin;136
Satigny;8698
Soral;160
Thônex;5898
Troinex;513
Vandoeuvres;501
Vernier;19703
Versoix;4332
Veyrier;2212
Boécourt;375
Bourrignon;97
Châtillon (JU);65
Courchapoix;133
Courrendlin;890
Courroux;829
Courtételle;872
Delémont;12835
Develier;562
Ederswiler;26
Mervelier;61
Mettembert;17
Movelier;70
Pleigne;85
Rossemaison;182
Saulcy;79
Soyhières;136
Haute-Sorne;3103
Val Terbi;915
Le Bémont (JU);102
Les Bois;494
Les Breuleux;1058
La Chaux-des-Breuleux;34
Les Enfers;44
Les Genevez (JU);381
Lajoux (JU);199
Montfaucon;207
Muriaux;197
Le Noirmont;1777
Saignelégier;1726
Saint-Brais;84
Soubey;53
Alle;1154
Beurnevésin;40
Boncourt;1552
Bonfol;334
Bure;252
Coeuve;156
Cornol;419
Courchavon;164
Courgenay;942
Courtedoux;228
Damphreux;55
Fahy;133
Fontenais;219
Grandfontaine;97
Lugnez;48
Porrentruy;6168
Vendlincourt;215
Basse-Allaine;456
Clos du Doubs;592
Haute-Ajoie;701
La Baroche;406
