Gemeindename;Rohe Heiratssziffer
Aeugst am Albis;5.1
Affoltern am Albis;5.9
Bonstetten;4.0
Hausen am Albis;4.4
Hedingen;4.3
Kappel am Albis;5.4
Knonau;3.1
Maschwanden;1.6
Mettmenstetten;5.1
Obfelden;4.6
Ottenbach;5.8
Rifferswil;3.7
Stallikon;3.5
Wettswil am Albis;3.9
Adlikon;4.5
Benken (ZH);1.2
Berg am Irchel;3.5
Buch am Irchel;4.1
Dachsen;5.6
Dorf;0.0
Feuerthalen;6.1
Flaach;5.8
Flurlingen;7.0
Andelfingen;4.1
Henggart;4.0
Humlikon;0.0
Kleinandelfingen;6.3
Laufen-Uhwiesen;6.0
Marthalen;7.2
Ossingen;0.7
Rheinau;2.3
Thalheim an der Thur;4.3
Trüllikon;4.7
Truttikon;8.4
Volken;2.9
Bachenbülach;5.4
Bassersdorf;4.8
Bülach;6.5
Dietlikon;5.5
Eglisau;4.1
Embrach;4.9
Freienstein-Teufen;3.0
Glattfelden;5.5
Hochfelden;3.1
Höri;5.9
Hüntwangen;1.9
Kloten;5.2
Lufingen;3.9
Nürensdorf;3.9
Oberembrach;10.3
Opfikon;6.3
Rafz;3.4
Rorbas;3.5
Wallisellen;6.8
Wasterkingen;3.5
Wil (ZH);7.2
Winkel;4.0
Bachs;1.7
Boppelsen;4.4
Buchs (ZH);5.7
Dällikon;5.4
Dänikon;5.8
Dielsdorf;5.5
Hüttikon;4.3
Neerach;5.4
Niederglatt;6.3
Niederhasli;5.4
Niederweningen;2.3
Oberglatt;6.4
Oberweningen;1.1
Otelfingen;2.1
Regensberg;4.2
Regensdorf;5.9
Rümlang;6.6
Schleinikon;5.5
Schöfflisdorf;5.7
Stadel;4.4
Steinmaur;4.0
Weiach;4.9
Bäretswil;4.8
Bubikon;4.8
Dürnten;3.8
Fischenthal;5.2
Gossau (ZH);5.0
Grüningen;5.0
Hinwil;4.9
Rüti (ZH);3.9
Seegräben;2.1
Wald (ZH);4.8
Wetzikon (ZH);6.6
Adliswil;4.3
Kilchberg (ZH);6.9
Langnau am Albis;5.1
Oberrieden;2.6
Richterswil;5.7
Rüschlikon;5.3
Thalwil;4.7
Erlenbach (ZH);4.1
Herrliberg;4.3
Hombrechtikon;4.1
Küsnacht (ZH);5.1
Männedorf;3.9
Meilen;4.2
Oetwil am See;4.2
Stäfa;4.0
Uetikon am See;3.4
Zumikon;3.3
Zollikon;5.3
Fehraltorf;5.3
Hittnau;3.6
Lindau;4.3
Pfäffikon;3.6
Russikon;4.1
Weisslingen;2.4
Wila;4.6
Wildberg;5.0
Dübendorf;5.6
Egg;3.4
Fällanden;4.5
Greifensee;4.7
Maur;5.0
Mönchaltorf;3.5
Schwerzenbach;5.7
Uster;5.7
Volketswil;4.7
Wangen-Brüttisellen;5.2
Altikon;3.0
Brütten;3.9
Dägerlen;3.0
Dättlikon;3.8
Dinhard;5.2
Ellikon an der Thur;3.3
Elsau;6.4
Hagenbuch;9.1
Hettlingen;5.4
Neftenbach;4.3
Pfungen;6.6
Rickenbach (ZH);3.0
Schlatt (ZH);2.7
Seuzach;6.3
Turbenthal;4.9
Winterthur;6.8
Zell (ZH);6.5
Aesch (ZH);6.1
Birmensdorf (ZH);5.5
Dietikon;6.3
Geroldswil;4.2
Oberengstringen;3.9
Oetwil an der Limmat;4.5
Schlieren;6.5
Uitikon;4.0
Unterengstringen;6.1
Urdorf;4.6
Weiningen (ZH);5.9
Zürich;6.3
Stammheim;4.0
Wädenswil;5.1
Elgg;4.1
Horgen;4.4
Illnau-Effretikon;5.5
Bauma;4.1
Wiesendangen;3.9
Aarberg;3.7
Bargen (BE);4.0
Grossaffoltern;3.3
Kallnach;3.6
Kappelen;9.7
Lyss;5.1
Meikirch;2.4
Radelfingen;8.0
Rapperswil (BE);5.7
Schüpfen;5.1
Seedorf (BE);6.8
Aarwangen;4.0
Auswil;8.9
Bannwil;2.9
Bleienbach;8.6
Busswil bei Melchnau;16.1
Gondiswil;4.1
Langenthal;5.7
Lotzwil;0.8
Madiswil;3.4
Melchnau;5.2
Obersteckholz;0.0
Oeschenbach;0.0
Reisiswil;11.0
Roggwil (BE);4.0
Rohrbach;6.2
Rohrbachgraben;5.0
Rütschelen;7.1
Schwarzhäusern;7.8
Thunstetten;3.3
Ursenbach;5.5
Wynau;7.3
Bern;6.5
Bolligen;3.5
Bremgarten bei Bern;3.9
Kirchlindach;4.3
Köniz;5.3
Muri bei Bern;3.9
Oberbalm;5.7
Stettlen;5.1
Vechigen;5.3
Wohlen bei Bern;2.5
Zollikofen;4.8
Ittigen;4.8
Ostermundigen;4.8
Biel/Bienne;5.2
Evilard;2.7
Arch;3.2
Büetigen;5.8
Büren an der Aare;5.0
Diessbach bei Büren;3.0
Dotzigen;3.3
Lengnau (BE);3.1
Leuzigen;4.0
Meienried;0.0
Meinisberg;2.3
Oberwil bei Büren;3.6
Pieterlen;4.8
Rüti bei Büren;4.7
Wengi;3.3
Aefligen;7.3
Alchenstorf;1.7
Bäriswil;4.7
Burgdorf;5.3
Ersigen;3.4
Hasle bei Burgdorf;3.3
Heimiswil;3.7
Hellsau;9.6
Hindelbank;4.0
Höchstetten;3.5
Kernenried;3.7
Kirchberg (BE);6.4
Koppigen;2.4
Krauchthal;4.7
Lyssach;4.9
Mötschwil;15.3
Oberburg;2.7
Rüdtligen-Alchenflüh;3.7
Rumendingen;0.0
Rüti bei Lyssach;0.0
Willadingen;9.7
Wynigen;3.4
Corgémont;2.4
Cormoret;2.1
Cortébert;2.8
Courtelary;2.9
La Ferrière;7.4
Mont-Tramelan;8.5
Orvin;5.0
Renan (BE);4.4
Romont (BE);5.2
Saint-Imier;4.5
Sonceboz-Sombeval;5.7
Sonvilier;4.8
Tramelan;4.4
Villeret;3.2
Sauge;2.4
Péry-La Heutte;4.7
Brüttelen;1.7
Erlach;9.0
Finsterhennen;7.0
Gals;10.0
Gampelen;3.1
Ins;2.8
Lüscherz;5.6
Müntschemier;2.2
Siselen;3.5
Treiten;2.4
Tschugg;2.3
Vinelz;1.2
Bätterkinden;3.7
Deisswil bei Münchenbuchsee;0.0
Diemerswil;5.0
Fraubrunnen;4.0
Jegenstorf;3.2
Iffwil;4.6
Mattstetten;7.0
Moosseedorf;6.4
Münchenbuchsee;4.7
Urtenen-Schönbühl;6.6
Utzenstorf;3.3
Wiggiswil;0.0
Wiler bei Utzenstorf;5.4
Zielebach;0.0
Zuzwil (BE);0.0
Adelboden;4.5
Aeschi bei Spiez;7.5
Frutigen;4.2
Kandergrund;7.6
Kandersteg;4.6
Krattigen;8.0
Reichenbach im Kandertal;4.4
Beatenberg;5.8
Bönigen;2.8
Brienz (BE);3.5
Brienzwiler;4.1
Därligen;4.7
Grindelwald;2.9
Gsteigwiler;5.0
Gündlischwand;0.0
Habkern;4.6
Hofstetten bei Brienz;1.9
Interlaken;5.3
Iseltwald;4.6
Lauterbrunnen;3.4
Leissigen;2.8
Lütschental;0.0
Matten bei Interlaken;4.2
Niederried bei Interlaken;2.8
Oberried am Brienzersee;6.4
Ringgenberg (BE);4.1
Saxeten;0.0
Schwanden bei Brienz;3.4
Unterseen;4.5
Wilderswil;4.5
Arni (BE);7.6
Biglen;5.1
Bowil;4.4
Brenzikofen;2.0
Freimettigen;4.2
Grosshöchstetten;4.8
Häutligen;3.9
Herbligen;5.1
Kiesen;8.3
Konolfingen;5.3
Landiswil;3.2
Linden;5.5
Mirchel;3.2
Münsingen;3.9
Niederhünigen;3.3
Oberdiessbach;2.0
Oberthal;2.7
Oppligen;3.1
Rubigen;5.1
Walkringen;8.4
Worb;3.7
Zäziwil;4.3
Oberhünigen;3.2
Allmendingen;5.2
Wichtrach;7.0
Clavaleyres;0.0
Ferenbalm;1.6
Frauenkappelen;2.4
Gurbrü;0.0
Kriechenwil;2.4
Laupen;2.6
Mühleberg;4.8
Münchenwiler;11.9
Neuenegg;5.1
Wileroltigen;0.0
Belprahon;6.7
Champoz;0.0
Corcelles (BE);9.9
Court;3.5
Crémines;1.9
Eschert;7.7
Grandval;0.0
Loveresse;3.1
Moutier;3.7
Perrefitte;4.4
Reconvilier;3.0
Roches (BE);0.0
Saicourt;0.0
Saules (BE);0.0
Schelten;0.0
Seehof;0.0
Sorvilier;7.1
Tavannes;3.6
Rebévelier;0.0
Petit-Val;2.4
Valbirse;4.2
La Neuveville;3.0
Nods;2.7
Plateau de Diesse;3.4
Aegerten;5.4
Bellmund;1.8
Brügg;5.6
Bühl;9.0
Epsach;3.1
Hagneck;2.4
Hermrigen;12.8
Jens;3.0
Ipsach;4.0
Ligerz;3.6
Merzligen;5.0
Mörigen;6.9
Nidau;4.2
Orpund;4.8
Port;5.9
Safnern;0.5
Scheuren;0.0
Schwadernau;1.5
Studen (BE);5.2
Sutz-Lattrigen;2.9
Täuffelen;2.5
Walperswil;5.0
Worben;4.4
Twann-Tüscherz;3.5
Därstetten;3.5
Diemtigen;2.7
Erlenbach im Simmental;4.6
Oberwil im Simmental;3.8
Reutigen;6.1
Spiez;4.5
Wimmis;3.3
Stocken-Höfen;5.0
Guttannen;0.0
Hasliberg;7.6
Innertkirchen;3.7
Meiringen;3.6
Schattenhalb;1.7
Boltigen;4.7
Lenk;3.8
St. Stephan;6.0
Zweisimmen;3.3
Gsteig;9.2
Lauenen;4.8
Saanen;3.8
Guggisberg;1.9
Rüschegg;3.1
Schwarzenburg;4.5
Belp;4.8
Burgistein;4.6
Gerzensee;5.0
Gurzelen;3.6
Jaberg;7.4
Kaufdorf;2.8
Kehrsatz;6.6
Kirchdorf (BE);2.2
Kirchenthurnen;0.0
Lohnstorf;0.0
Mühlethurnen;2.9
Niedermuhlern;6.2
Riggisberg;5.7
Rüeggisberg;3.9
Rümligen;2.3
Seftigen;3.2
Toffen;5.5
Uttigen;4.0
Wattenwil;3.5
Wald (BE);1.7
Eggiwil;2.4
Langnau im Emmental;5.5
Lauperswil;4.6
Röthenbach im Emmental;4.2
Rüderswil;5.5
Schangnau;2.2
Signau;4.1
Trub;3.0
Trubschachen;3.5
Amsoldingen;4.9
Blumenstein;2.5
Buchholterberg;3.9
Eriz;2.0
Fahrni;6.3
Heiligenschwendi;7.3
Heimberg;4.5
Hilterfingen;4.4
Homberg;1.9
Horrenbach-Buchen;4.3
Oberhofen am Thunersee;5.4
Oberlangenegg;4.2
Pohlern;7.8
Schwendibach;8.1
Sigriswil;5.7
Steffisburg;5.2
Teuffenthal (BE);0.0
Thierachern;2.1
Thun;5.5
Uebeschi;4.4
Uetendorf;3.8
Unterlangenegg;5.1
Wachseldorn;8.6
Zwieselberg;9.3
Forst-Längenbühl;6.4
Affoltern im Emmental;7.1
Dürrenroth;6.6
Eriswil;7.8
Huttwil;4.3
Lützelflüh;4.4
Rüegsau;5.6
Sumiswald;2.8
Trachselwald;4.1
Walterswil (BE);1.8
Wyssachen;6.1
Attiswil;2.8
Berken;0.0
Bettenhausen;3.1
Farnern;4.8
Graben;9.0
Heimenhausen;8.1
Herzogenbuchsee;4.2
Inkwil;4.9
Niederbipp;5.8
Niederönz;3.6
Oberbipp;6.4
Ochlenberg;7.1
Rumisberg;2.1
Seeberg;4.5
Thörigen;9.8
Walliswil bei Niederbipp;4.6
Walliswil bei Wangen;5.0
Wangen an der Aare;5.2
Wangenried;2.3
Wiedlisbach;1.7
Wolfisberg;0.0
Doppleschwand;2.6
Entlebuch;6.6
Flühli;2.1
Hasle (LU);6.9
Romoos;7.5
Schüpfheim;3.1
Werthenstein;5.3
Escholzmatt-Marbach;3.9
Aesch (LU);2.6
Altwis;2.4
Ballwil;4.3
Emmen;5.4
Ermensee;4.1
Eschenbach (LU);3.6
Hitzkirch;4.6
Hochdorf;4.8
Hohenrain;3.6
Inwil;4.8
Rain;7.4
Römerswil;6.8
Rothenburg;3.3
Schongau;1.9
Adligenswil;2.8
Buchrain;7.0
Dierikon;4.0
Ebikon;5.9
Gisikon;3.1
Greppen;2.8
Honau;2.7
Horw;4.6
Kriens;5.0
Luzern;5.8
Malters;4.0
Meggen;3.7
Meierskappel;3.6
Root;4.9
Schwarzenberg;5.3
Udligenswil;4.4
Vitznau;1.5
Weggis;4.1
Beromünster;4.6
Büron;3.7
Buttisholz;3.7
Eich;4.3
Geuensee;3.8
Grosswangen;4.0
Hildisrieden;7.1
Knutwil;5.1
Mauensee;4.8
Neuenkirch;5.1
Nottwil;5.8
Oberkirch;8.6
Rickenbach (LU);4.6
Ruswil;5.2
Schenkon;4.9
Schlierbach;3.5
Sempach;5.8
Sursee;6.0
Triengen;2.8
Wolhusen;4.8
Alberswil;3.1
Altbüron;3.9
Altishofen;2.6
Dagmersellen;5.6
Ebersecken;5.1
Egolzwil;7.5
Ettiswil;5.5
Fischbach;1.4
Gettnau;7.9
Grossdietwil;0.0
Hergiswil bei Willisau;3.2
Luthern;3.9
Menznau;5.2
Nebikon;4.6
Pfaffnau;3.0
Reiden;4.0
Roggliswil;2.9
Schötz;4.4
Ufhusen;3.3
Wauwil;6.5
Wikon;5.3
Zell (LU);5.0
Willisau;4.1
Altdorf (UR);5.7
Andermatt;6.6
Attinghausen;1.8
Bauen;0.0
Bürglen (UR);4.2
Erstfeld;3.7
Flüelen;8.5
Göschenen;2.2
Gurtnellen;1.8
Hospental;0.0
Isenthal;8.0
Realp;6.8
Schattdorf;4.7
Seedorf (UR);3.9
Seelisberg;5.9
Silenen;2.5
Sisikon;2.7
Spiringen;7.2
Unterschächen;2.8
Wassen;2.3
Einsiedeln;4.1
Gersau;4.4
Feusisberg;4.9
Freienbach;5.2
Wollerau;6.2
Küssnacht (SZ);5.0
Altendorf;6.9
Galgenen;5.8
Innerthal;0.0
Lachen;6.6
Reichenburg;5.3
Schübelbach;5.5
Tuggen;3.4
Vorderthal;8.8
Wangen (SZ);4.8
Alpthal;4.9
Arth;5.8
Illgau;3.8
Ingenbohl;5.6
Lauerz;3.7
Morschach;3.6
Muotathal;3.7
Oberiberg;3.4
Riemenstalden;0.0
Rothenthurm;5.5
Sattel;4.6
Schwyz;4.6
Steinen;3.0
Steinerberg;1.1
Unteriberg;2.9
Alpnach;6.8
Engelberg;2.9
Giswil;4.4
Kerns;3.8
Lungern;2.8
Sachseln;4.1
Sarnen;5.2
Beckenried;4.2
Buochs;7.0
Dallenwil;2.7
Emmetten;7.2
Ennetbürgen;4.7
Ennetmoos;5.2
Hergiswil (NW);5.8
Oberdorf (NW);5.4
Stans;5.4
Stansstad;6.1
Wolfenschiessen;5.2
Glarus Nord;4.7
Glarus Süd;2.9
Glarus;4.6
Baar;4.9
Cham;5.6
Hünenberg;5.9
Menzingen;4.2
Neuheim;5.4
Oberägeri;4.1
Risch;5.3
Steinhausen;5.1
Unterägeri;4.9
Walchwil;2.5
Zug;5.3
Châtillon (FR);2.2
Cheiry;2.5
Cugy (FR);3.5
Fétigny;1.0
Gletterens;3.8
Lully (FR);0.9
Ménières;7.3
Montagny (FR);1.6
Nuvilly;0.0
Prévondavaux;0.0
Saint-Aubin (FR);2.3
Sévaz;0.0
Surpierre;5.6
Vallon;0.0
Les Montets;4.2
Delley-Portalban;5.5
Belmont-Broye;5.2
Estavayer;3.9
Cheyres-Châbles;3.6
Auboranges;14.1
Billens-Hennens;5.4
Chapelle (Glâne);3.6
Le Châtelard;0.0
Châtonnaye;6.1
Ecublens (FR);3.0
Grangettes;10.4
Massonnens;7.7
Mézières (FR);1.9
Montet (Glâne);0.0
Romont (FR);2.1
Rue;4.7
Siviriez;4.1
Ursy;2.0
Villaz-Saint-Pierre;0.8
Vuisternens-devant-Romont;2.6
Villorsonnens;3.7
Torny;2.2
La Folliaz;2.0
Haut-Intyamon;3.9
Pont-en-Ogoz;3.3
Botterens;5.3
Broc;2.6
Bulle;5.4
Châtel-sur-Montsalvens;21.4
Corbières;3.5
Crésuz;14.8
Echarlens;6.2
Grandvillard;2.4
Gruyères;4.5
Hauteville;9.1
Jaun;4.5
Marsens;2.1
Morlon;6.8
Le Pâquier (FR);6.5
Pont-la-Ville;3.4
Riaz;5.9
La Roche;4.2
Sâles;4.2
Sorens;3.7
Vaulruz;3.8
Vuadens;3.9
Bas-Intyamon;4.4
Val-de-Charmey;6.1
Arconciel;3.3
Autigny;1.3
Avry;5.9
Belfaux;3.0
Chénens;2.4
Corminboeuf;3.2
Corserey;9.6
Cottens (FR);4.0
Ependes (FR);1.8
Ferpicloz;3.6
Fribourg;4.7
Givisiez;6.0
Granges-Paccot;4.4
Grolley;2.6
Marly;3.1
Matran;5.2
Neyruz (FR);4.6
Noréaz;1.5
Pierrafortscha;19.9
Ponthaux;6.9
Le Mouret;3.2
Prez-vers-Noréaz;5.6
Senèdes;0.0
Treyvaux;3.5
Villars-sur-Glâne;4.4
Villarsel-sur-Marly;12.2
Hauterive (FR);4.4
La Brillaz;5.5
La Sonnaz;6.3
Gibloux;3.9
Courgevaux;0.7
Courtepin;3.3
Cressier (FR);3.2
Fräschels;0.0
Galmiz;3.0
Gempenach;3.4
Greng;0.0
Gurmels;3.1
Kerzers;4.6
Kleinbösingen;4.6
Meyriez;5.2
Misery-Courtion;3.6
Muntelier;6.2
Murten;4.3
Ried bei Kerzers;2.6
Ulmiz;7.0
Mont-Vully;3.9
Alterswil;5.4
Brünisried;3.1
Düdingen;3.1
Giffers;3.8
Bösingen;4.1
Heitenried;7.3
Plaffeien;2.8
Plasselb;1.9
Rechthalten;5.6
St. Antoni;6.9
St. Silvester;4.1
St. Ursen;3.0
Schmitten (FR);3.4
Tafers;2.4
Tentlingen;6.8
Ueberstorf;3.0
Wünnewil-Flamatt;4.2
Attalens;3.5
Bossonnens;2.0
Châtel-Saint-Denis;2.9
Granges (Veveyse);5.8
Remaufens;5.6
Saint-Martin (FR);4.9
Semsales;1.4
Le Flon;6.7
La Verrerie;2.6
Egerkingen;7.4
Härkingen;6.3
Kestenholz;3.9
Neuendorf;6.1
Niederbuchsiten;8.7
Oberbuchsiten;5.4
Oensingen;6.5
Wolfwil;5.1
Aedermannsdorf;3.5
Balsthal;3.8
Gänsbrunnen;0.0
Herbetswil;3.7
Holderbank (SO);7.4
Laupersdorf;5.2
Matzendorf;5.3
Mümliswil-Ramiswil;1.6
Welschenrohr;0.9
Biezwil;3.0
Lüterkofen-Ichertswil;5.1
Lüterswil-Gächliwil;0.0
Messen;4.7
Schnottwil;10.9
Unterramsern;0.0
Lüsslingen-Nennigkofen;2.8
Buchegg;5.5
Bättwil;4.2
Büren (SO);2.0
Dornach;3.9
Gempen;4.5
Hochwald;2.3
Hofstetten-Flüh;4.1
Metzerlen-Mariastein;3.2
Nuglar-St. Pantaleon;0.7
Rodersdorf;1.5
Seewen;2.0
Witterswil;2.7
Hauenstein-Ifenthal;6.5
Kienberg;1.9
Lostorf;3.5
Niedergösgen;5.2
Obergösgen;5.9
Rohr (SO);0.0
Stüsslingen;7.5
Trimbach;3.0
Winznau;4.3
Wisen (SO);2.5
Erlinsbach (SO);2.9
Aeschi (SO);5.8
Biberist;4.2
Bolken;6.8
Deitingen;3.1
Derendingen;5.0
Etziken;5.9
Gerlafingen;5.5
Halten;4.6
Horriwil;2.3
Hüniken;17.7
Kriegstetten;7.7
Lohn-Ammannsegg;6.8
Luterbach;4.3
Obergerlafingen;1.7
Oekingen;3.6
Recherswil;4.6
Subingen;4.1
Zuchwil;5.3
Drei Höfe;4.1
Balm bei Günsberg;14.7
Bellach;4.2
Bettlach;4.7
Feldbrunnen-St. Niklaus;5.1
Flumenthal;4.2
Grenchen;4.7
Günsberg;6.8
Hubersdorf;0.0
Kammersrohr;33.9
Langendorf;2.7
Lommiswil;4.0
Oberdorf (SO);4.7
Riedholz;4.3
Rüttenen;4.0
Selzach;6.7
Boningen;5.2
Däniken;4.3
Dulliken;4.1
Eppenberg-Wöschnau;9.2
Fulenbach;4.5
Gretzenbach;3.3
Gunzgen;4.8
Hägendorf;4.8
Kappel (SO);4.4
Olten;7.6
Rickenbach (SO);6.4
Schönenwerd;3.7
Starrkirch-Wil;2.9
Walterswil (SO);7.2
Wangen bei Olten;3.9
Solothurn;6.7
Bärschwil;3.7
Beinwil (SO);0.0
Breitenbach;3.9
Büsserach;4.4
Erschwil;4.4
Fehren;1.7
Grindel;2.0
Himmelried;2.2
Kleinlützel;3.2
Meltingen;1.5
Nunningen;3.2
Zullwil;1.5
Basel;5.6
Bettingen;0.9
Riehen;3.3
Aesch (BL);3.8
Allschwil;6.1
Arlesheim;3.2
Biel-Benken;4.7
Binningen;5.1
Birsfelden;5.0
Bottmingen;4.0
Ettingen;5.1
Münchenstein;4.0
Muttenz;3.9
Oberwil (BL);5.6
Pfeffingen;1.7
Reinach (BL);3.4
Schönenbuch;4.3
Therwil;3.8
Blauen;5.8
Brislach;4.9
Burg im Leimental;0.0
Dittingen;1.4
Duggingen;5.1
Grellingen;3.3
Laufen;4.1
Liesberg;4.4
Nenzlingen;2.3
Roggenburg;3.6
Röschenz;4.9
Wahlen;4.2
Zwingen;3.0
Arisdorf;1.8
Augst;8.0
Bubendorf;4.6
Frenkendorf;5.2
Füllinsdorf;3.2
Giebenach;3.9
Hersberg;3.1
Lausen;4.1
Liestal;5.3
Lupsingen;1.4
Pratteln;6.2
Ramlinsburg;6.9
Seltisberg;1.5
Ziefen;3.2
Anwil;0.0
Böckten;12.5
Buckten;1.4
Buus;3.9
Diepflingen;8.1
Gelterkinden;4.5
Häfelfingen;3.8
Hemmiken;0.0
Itingen;1.9
Känerkinden;1.9
Kilchberg (BL);0.0
Läufelfingen;0.8
Maisprach;3.2
Nusshof;0.0
Oltingen;4.2
Ormalingen;3.2
Rickenbach (BL);3.3
Rothenfluh;3.9
Rümlingen;5.1
Rünenberg;2.6
Sissach;6.6
Tecknau;5.8
Tenniken;4.3
Thürnen;4.3
Wenslingen;1.4
Wintersingen;11.5
Wittinsburg;11.7
Zeglingen;4.1
Zunzgen;5.2
Arboldswil;1.8
Bennwil;1.5
Bretzwil;2.6
Diegten;3.0
Eptingen;3.8
Hölstein;2.8
Lampenberg;4.0
Langenbruck;3.1
Lauwil;0.0
Liedertswil;0.0
Niederdorf;3.3
Oberdorf (BL);2.9
Reigoldswil;5.0
Titterten;4.9
Waldenburg;1.7
Gächlingen;3.5
Löhningen;4.1
Neunkirch;3.7
Büttenhardt;8.0
Dörflingen;4.0
Lohn (SH);3.9
Stetten (SH);2.2
Thayngen;4.4
Bargen (SH);3.3
Beringen;5.6
Buchberg;3.6
Merishausen;2.3
Neuhausen am Rheinfall;5.1
Rüdlingen;4.0
Schaffhausen;5.2
Beggingen;6.2
Schleitheim;4.2
Siblingen;4.7
Buch (SH);3.2
Hemishofen;2.1
Ramsen;2.7
Stein am Rhein;3.2
Hallau;3.3
Oberhallau;2.3
Trasadingen;6.7
Wilchingen;4.6
Herisau;5.2
Hundwil;3.1
Schönengrund;0.0
Schwellbrunn;3.2
Stein (AR);4.2
Urnäsch;2.2
Waldstatt;5.0
Bühler;3.4
Gais;4.2
Speicher;5.6
Teufen (AR);8.2
Trogen;3.5
Grub (AR);2.9
Heiden;3.3
Lutzenberg;2.4
Rehetobel;2.8
Reute (AR);2.9
Wald (AR);7.0
Walzenhausen;6.0
Wolfhalden;4.9
Appenzell;11.2
Gonten;0.0
Rüte;0.0
Schlatt-Haslen;0.0
Schwende;0.0
Oberegg;3.1
Häggenschwil;3.0
Muolen;5.8
St. Gallen;5.6
Wittenbach;4.1
Berg (SG);4.8
Eggersriet;3.5
Goldach;4.2
Mörschwil;5.0
Rorschach;3.6
Rorschacherberg;5.2
Steinach;5.0
Tübach;4.9
Untereggen;0.9
Au (SG);6.3
Balgach;3.5
Berneck;5.3
Diepoldsau;6.3
Rheineck;4.9
St. Margrethen;3.6
Thal;3.7
Widnau;5.0
Altstätten;3.6
Eichberg;5.9
Marbach (SG);5.3
Oberriet (SG);5.7
Rebstein;4.2
Rüthi (SG);5.1
Buchs (SG);5.8
Gams;3.6
Grabs;4.6
Sennwald;5.3
Sevelen;5.4
Wartau;4.0
Bad Ragaz;6.1
Flums;4.3
Mels;4.9
Pfäfers;1.9
Quarten;3.8
Sargans;5.6
Vilters-Wangs;3.8
Walenstadt;6.1
Amden;1.7
Benken (SG);5.7
Kaltbrunn;5.4
Schänis;5.0
Weesen;3.7
Schmerikon;7.2
Uznach;3.0
Rapperswil-Jona;5.2
Gommiswald;3.6
Eschenbach (SG);3.6
Ebnat-Kappel;4.0
Wildhaus-Alt St. Johann;4.1
Nesslau;2.5
Hemberg;2.2
Lichtensteig;4.2
Oberhelfenschwil;4.7
Neckertal;5.2
Wattwil;4.6
Kirchberg (SG);3.6
Lütisburg;5.8
Mosnang;4.2
Bütschwil-Ganterschwil;5.3
Degersheim;5.7
Flawil;4.3
Jonschwil;4.7
Oberuzwil;6.7
Uzwil;5.6
Niederbüren;5.2
Niederhelfenschwil;4.5
Oberbüren;6.5
Zuzwil (SG);4.0
Wil (SG);6.2
Andwil (SG);2.6
Gaiserwald;5.1
Gossau (SG);5.0
Waldkirch;4.0
Vaz/Obervaz;3.3
Lantsch/Lenz;5.5
Schmitten (GR);8.1
Albula/Alvra;1.5
Surses;4.7
Bergün Filisur;2.1
Brusio;2.7
Poschiavo;3.1
Falera;4.9
Laax;5.7
Sagogn;1.4
Schluein;4.8
Vals;6.9
Lumnezia;2.4
Ilanz/Glion;2.5
Fürstenau;8.6
Rothenbrunnen;6.5
Scharans;8.6
Sils im Domleschg;5.4
Cazis;3.7
Flerden;0.0
Masein;6.3
Thusis;2.9
Tschappina;15.6
Urmein;6.8
Safiental;7.8
Domleschg;4.6
Avers;5.9
Sufers;0.0
Andeer;7.4
Casti-Wergenstein;0.0
Donat;4.7
Lohn (GR);0.0
Mathon;19.2
Rongellen;0.0
Zillis-Reischen;5.1
Ferrera;12.9
Rheinwald;3.3
Bonaduz;4.6
Domat/Ems;5.8
Rhäzüns;6.1
Felsberg;5.5
Flims;8.3
Tamins;6.6
Trin;6.6
Zernez;3.9
Samnaun;6.6
Scuol;3.7
Valsot;2.3
Bever;0.0
Celerina/Schlarigna;2.0
Madulain;4.7
Pontresina;2.7
La Punt-Chamues-ch;4.1
Samedan;4.4
St. Moritz;3.8
S-chanf;5.8
Sils im Engadin/Segl;2.8
Silvaplana;3.7
Zuoz;3.3
Bregaglia;3.3
Buseno;0.0
Castaneda;10.9
Rossa;0.0
Santa Maria in Calanca;9.0
Lostallo;2.6
Mesocco;3.7
Soazza;2.9
Cama;5.3
Grono;3.7
Roveredo (GR);3.6
San Vittore;3.7
Calanca;5.2
Val Müstair;2.0
Davos;4.0
Fideris;3.3
Furna;0.0
Jenaz;1.7
Klosters-Serneus;3.6
Conters im Prättigau;0.0
Küblis;2.3
Luzein;2.6
Chur;5.4
Churwalden;4.0
Arosa;4.7
Maladers;1.9
Tschiertschen-Praden;12.4
Haldenstein;4.9
Trimmis;4.3
Untervaz;2.4
Zizers;4.9
Fläsch;6.8
Jenins;5.6
Maienfeld;7.0
Malans;4.3
Landquart;5.8
Grüsch;1.9
Schiers;7.3
Seewis im Prättigau;4.3
Breil/Brigels;3.3
Disentis/Mustér;4.3
Medel (Lucmagn);2.6
Sumvitg;1.7
Tujetsch;3.1
Trun;5.1
Obersaxen Mundaun;6.9
Aarau;6.9
Biberstein;7.0
Buchs (AG);7.1
Densbüren;2.8
Erlinsbach (AG);5.1
Gränichen;3.8
Hirschthal;5.1
Küttigen;5.9
Muhen;3.9
Oberentfelden;5.3
Suhr;4.1
Unterentfelden;3.2
Baden;5.6
Bellikon;4.5
Bergdietikon;6.8
Birmenstorf (AG);6.1
Ennetbaden;5.2
Fislisbach;4.7
Freienwil;3.9
Gebenstorf;8.8
Killwangen;5.4
Künten;5.8
Mägenwil;7.1
Mellingen;5.2
Neuenhof;5.4
Niederrohrdorf;6.2
Oberrohrdorf;3.2
Obersiggenthal;5.9
Remetschwil;2.9
Spreitenbach;4.5
Stetten (AG);5.4
Turgi;6.4
Untersiggenthal;3.9
Wettingen;4.8
Wohlenschwil;3.2
Würenlingen;4.5
Würenlos;4.4
Ehrendingen;4.2
Arni (AG);4.8
Berikon;6.4
Bremgarten (AG);5.4
Büttikon;5.0
Dottikon;6.4
Eggenwil;4.0
Fischbach-Göslikon;6.1
Hägglingen;4.9
Jonen;3.4
Niederwil (AG);4.2
Oberlunkhofen;6.0
Oberwil-Lieli;4.7
Rudolfstetten-Friedlisberg;5.1
Sarmenstorf;5.6
Tägerig;2.0
Uezwil;6.4
Unterlunkhofen;6.6
Villmergen;6.6
Widen;3.3
Wohlen (AG);4.8
Zufikon;4.3
Islisberg;3.2
Auenstein;3.8
Birr;3.8
Birrhard;10.0
Bözen;8.1
Brugg;5.7
Effingen;5.0
Elfingen;0.0
Habsburg;2.3
Hausen (AG);7.1
Lupfig;5.0
Mandach;5.9
Mönthal;0.0
Mülligen;6.5
Remigen;9.4
Riniken;2.7
Rüfenach;3.5
Schinznach-Bad;4.6
Thalheim (AG);7.2
Veltheim (AG);4.9
Villigen;4.8
Villnachern;6.7
Windisch;4.8
Bözberg;3.2
Schinznach;1.8
Beinwil am See;7.6
Birrwil;8.5
Burg (AG);4.9
Dürrenäsch;5.7
Gontenschwil;4.3
Holziken;3.8
Leimbach (AG);4.3
Leutwil;5.2
Menziken;5.7
Oberkulm;3.7
Reinach (AG);4.7
Schlossrued;4.8
Schmiedrued;4.3
Schöftland;5.4
Teufenthal (AG);3.1
Unterkulm;4.6
Zetzwil;5.3
Eiken;6.2
Frick;5.0
Gansingen;2.0
Gipf-Oberfrick;5.7
Herznach;3.4
Hornussen;8.4
Kaisten;5.7
Laufenburg;4.2
Münchwilen (AG);6.5
Oberhof;3.3
Oeschgen;4.0
Schwaderloch;3.0
Sisseln;5.1
Ueken;6.7
Wittnau;5.4
Wölflinswil;5.8
Zeihen;9.6
Mettauertal;9.2
Ammerswil;7.3
Boniswil;3.6
Brunegg;1.3
Dintikon;2.7
Egliswil;3.6
Fahrwangen;2.9
Hallwil;6.9
Hendschiken;3.3
Holderbank (AG);10.0
Hunzenschwil;5.5
Lenzburg;8.3
Meisterschwanden;6.2
Möriken-Wildegg;3.4
Niederlenz;5.9
Othmarsingen;7.3
Rupperswil;7.4
Schafisheim;3.0
Seengen;2.8
Seon;4.6
Staufen;4.7
Abtwil;3.0
Aristau;4.2
Auw;2.9
Beinwil (Freiamt);2.7
Besenbüren;6.5
Bettwil;9.7
Boswil;4.3
Bünzen;8.4
Buttwil;5.7
Dietwil;6.1
Geltwil;0.0
Kallern;11.1
Merenschwand;4.0
Mühlau;7.1
Muri (AG);4.9
Oberrüti;5.1
Rottenschwil;5.0
Sins;4.2
Waltenschwil;3.2
Hellikon;2.5
Kaiseraugst;5.7
Magden;3.1
Möhlin;4.7
Mumpf;3.5
Obermumpf;1.9
Olsberg;0.0
Rheinfelden;7.8
Schupfart;4.9
Stein (AG);4.7
Wallbach;5.2
Wegenstetten;2.8
Zeiningen;3.5
Zuzgen;2.3
Aarburg;4.9
Bottenwil;0.0
Brittnau;6.7
Kirchleerau;5.9
Kölliken;5.5
Moosleerau;4.4
Murgenthal;3.1
Oftringen;4.9
Reitnau;3.8
Rothrist;4.4
Safenwil;3.7
Staffelbach;6.0
Strengelbach;4.2
Uerkheim;4.4
Vordemwald;3.1
Wiliberg;0.0
Zofingen;6.4
Baldingen;7.5
Böbikon;11.6
Böttstein;3.3
Döttingen;4.6
Endingen;1.6
Fisibach;8.5
Full-Reuenthal;2.3
Kaiserstuhl;4.8
Klingnau;4.4
Koblenz;2.4
Leibstadt;2.3
Lengnau (AG);2.2
Leuggern;2.3
Mellikon;8.0
Rekingen (AG);7.1
Rietheim;1.3
Rümikon;3.2
Schneisingen;3.6
Siglistorf;6.3
Tegerfelden;4.2
Wislikofen;2.9
Bad Zurzach;6.2
Arbon;4.6
Dozwil;1.4
Egnach;6.0
Hefenhofen;3.3
Horn;4.5
Kesswil;3.0
Roggwil (TG);6.5
Romanshorn;5.4
Salmsach;3.5
Sommeri;7.2
Uttwil;4.3
Amriswil;6.0
Bischofszell;6.4
Erlen;4.6
Hauptwil-Gottshaus;2.6
Hohentannen;3.3
Kradolf-Schönenberg;5.6
Sulgen;6.1
Zihlschlacht-Sitterdorf;4.7
Basadingen-Schlattingen;5.5
Diessenhofen;3.9
Schlatt (TG);6.6
Aadorf;5.5
Felben-Wellhausen;5.4
Frauenfeld;5.7
Gachnang;4.7
Hüttlingen;5.9
Matzingen;6.8
Neunforn;4.0
Stettfurt;4.2
Thundorf;3.4
Uesslingen-Buch;3.7
Warth-Weiningen;2.3
Altnau;3.2
Bottighofen;6.0
Ermatingen;4.8
Gottlieben;5.9
Güttingen;6.3
Kemmental;4.0
Kreuzlingen;5.4
Langrickenbach;3.8
Lengwil;7.1
Münsterlingen;4.4
Tägerwilen;3.1
Wäldi;1.9
Affeltrangen;5.9
Bettwiesen;4.9
Bichelsee-Balterswil;7.1
Braunau;7.8
Eschlikon;5.1
Fischingen;5.2
Lommis;3.3
Münchwilen (TG);6.4
Rickenbach (TG);6.8
Schönholzerswilen;3.6
Sirnach;5.6
Tobel-Tägerschen;7.5
Wängi;5.2
Wilen (TG);4.0
Wuppenau;2.7
Berlingen;1.1
Eschenz;6.9
Herdern;2.9
Homburg;3.9
Hüttwilen;4.7
Mammern;0.0
Müllheim;3.4
Pfyn;3.5
Raperswilen;2.5
Salenstein;3.1
Steckborn;3.7
Wagenhausen;2.4
Amlikon-Bissegg;3.0
Berg (TG);4.8
Birwinken;3.7
Bürglen (TG);6.4
Bussnang;2.6
Märstetten;6.4
Weinfelden;5.7
Wigoltingen;6.2
Arbedo-Castione;2.8
Bellinzona;4.4
Cadenazzo;7.3
Isone;7.9
Lumino;3.4
Sant'Antonino;3.6
Acquarossa;2.7
Blenio;2.2
Serravalle;4.8
Airolo;1.3
Bedretto;0.0
Bodio;1.9
Dalpe;0.0
Faido;2.0
Giornico;3.4
Personico;8.8
Pollegio;2.6
Prato (Leventina);11.9
Quinto;2.8
Ascona;2.7
Brione (Verzasca);0.0
Brione sopra Minusio;2.0
Brissago;0.6
Corippo;0.0
Frasco;0.0
Gordola;4.3
Lavertezzo;3.0
Locarno;4.2
Losone;2.6
Mergoscia;9.3
Minusio;3.0
Muralto;3.7
Orselina;2.7
Ronco sopra Ascona;3.3
Sonogno;0.0
Tenero-Contra;5.5
Vogorno;7.3
Onsernone;0.0
Cugnasco-Gerra;4.5
Agno;3.6
Aranno;5.4
Arogno;4.0
Astano;3.3
Bedano;3.9
Bedigliora;0.0
Bioggio;3.8
Bissone;8.7
Brusino Arsizio;4.1
Cademario;5.0
Cadempino;6.6
Canobbio;4.2
Caslano;2.1
Comano;2.9
Croglio;5.8
Cureglia;4.4
Curio;1.8
Grancia;11.5
Gravesano;3.8
Lamone;2.8
Lugano;4.0
Magliaso;1.9
Manno;3.8
Maroggia;8.9
Massagno;3.5
Melano;3.4
Melide;5.5
Mezzovico-Vira;3.7
Miglieglia;0.0
Monteggio;2.2
Morcote;5.4
Muzzano;5.0
Neggio;6.2
Novaggio;1.2
Origlio;0.7
Paradiso;3.6
Ponte Capriasca;2.1
Ponte Tresa;3.7
Porza;1.3
Pura;1.4
Rovio;2.4
Savosa;4.5
Sessa;2.9
Sorengo;2.8
Capriasca;4.5
Torricella-Taverne;4.2
Vernate;1.7
Vezia;3.6
Vico Morcote;2.6
Collina d'Oro;2.3
Alto Malcantone;5.0
Monteceneri;6.6
Balerna;3.3
Castel San Pietro;3.8
Chiasso;3.3
Coldrerio;4.5
Mendrisio;3.4
Morbio Inferiore;2.6
Novazzano;2.1
Riva San Vitale;3.4
Stabio;4.8
Vacallo;4.4
Breggia;3.4
Biasca;2.9
Riviera;5.3
Bosco/Gurin;19.0
Campo (Vallemaggia);0.0
Cerentino;0.0
Cevio;3.4
Linescio;0.0
Maggia;4.2
Lavizzara;1.8
Avegno Gordevio;5.4
Terre di Pedemonte;3.5
Centovalli;2.6
Gambarogno;4.5
Aigle;4.6
Bex;4.7
Chessel;0.0
Corbeyrier;2.3
Gryon;3.7
Lavey-Morcles;4.3
Leysin;2.7
Noville;2.8
Ollon;2.8
Ormont-Dessous;2.7
Ormont-Dessus;2.7
Rennaz;4.7
Roche (VD);4.3
Villeneuve (VD);4.8
Yvorne;9.5
Apples;2.1
Aubonne;3.1
Ballens;0.0
Berolle;0.0
Bière;4.5
Bougy-Villars;6.3
Féchy;3.4
Gimel;3.5
Longirod;4.3
Marchissy;0.0
Mollens (VD);10.1
Montherod;5.7
Saint-George;4.0
Saint-Livres;2.9
Saint-Oyens;8.4
Saubraz;4.7
Avenches;3.8
Cudrefin;5.1
Faoug;5.6
Vully-les-Lacs;4.0
Bettens;3.5
Bournens;2.5
Boussens;7.1
La Chaux (Cossonay);2.4
Chavannes-le-Veyron;0.0
Chevilly;0.0
Cossonay;3.5
Cottens (VD);4.2
Cuarnens;0.0
Daillens;3.1
Dizy;0.0
Eclépens;3.8
Ferreyres;0.0
Gollion;3.3
Grancy;4.9
L'Isle;5.9
Lussery-Villars;10.9
Mauraz;0.0
Mex (VD);7.0
Moiry;6.5
Mont-la-Ville;14.7
Montricher;6.2
Orny;2.8
Pampigny;3.6
Penthalaz;4.6
Penthaz;3.5
Pompaples;3.5
La Sarraz;3.1
Senarclens;2.1
Sévery;0.0
Sullens;2.0
Vufflens-la-Ville;3.9
Assens;3.8
Bercher;1.7
Bioley-Orjulaz;8.3
Bottens;1.6
Bretigny-sur-Morrens;0.0
Cugy (VD);3.3
Echallens;3.9
Essertines-sur-Yverdon;3.1
Etagnières;5.4
Fey;5.7
Froideville;5.2
Morrens (VD);6.5
Oulens-sous-Echallens;3.5
Pailly;1.9
Penthéréaz;0.0
Poliez-Pittet;5.9
Rueyres;3.8
Saint-Barthélemy (VD);5.2
Villars-le-Terroir;4.5
Vuarrens;2.0
Montilliez;5.3
Goumoëns;3.7
Bonvillars;0.0
Bullet;3.1
Champagne;4.9
Concise;4.1
Corcelles-près-Concise;5.3
Fiez;2.3
Fontaines-sur-Grandson;9.8
Giez;7.2
Grandevent;0.0
Grandson;4.5
Mauborget;0.0
Mutrux;6.2
Novalles;9.9
Onnens (VD);8.2
Provence;5.1
Sainte-Croix;3.7
Tévenon;1.2
Belmont-sur-Lausanne;4.7
Cheseaux-sur-Lausanne;5.3
Crissier;4.0
Epalinges;4.0
Jouxtens-Mézery;6.2
Lausanne;5.1
Le Mont-sur-Lausanne;5.5
Paudex;4.7
Prilly;4.1
Pully;4.0
Renens (VD);5.4
Romanel-sur-Lausanne;4.2
Chexbres;4.0
Forel (Lavaux);7.7
Lutry;4.2
Puidoux;4.9
Rivaz;5.6
Saint-Saphorin (Lavaux);0.0
Savigny;3.0
Bourg-en-Lavaux;4.0
Aclens;5.6
Bremblens;3.8
Buchillon;3.2
Bussigny;3.8
Bussy-Chardonney;2.7
Chavannes-près-Renens;7.2
Chigny;5.9
Clarmont;11.0
Denens;2.6
Denges;6.2
Echandens;3.6
Echichens;1.9
Ecublens (VD);4.3
Etoy;4.1
Lavigny;5.0
Lonay;2.8
Lully (VD);2.5
Lussy-sur-Morges;1.5
Morges;4.9
Préverenges;4.0
Reverolle;10.6
Romanel-sur-Morges;2.1
Saint-Prex;4.7
Saint-Sulpice (VD);5.1
Tolochenaz;3.7
Vaux-sur-Morges;0.0
Villars-Sainte-Croix;2.2
Villars-sous-Yens;5.0
Vufflens-le-Château;5.8
Vullierens;6.3
Yens;5.1
Boulens;5.4
Bussy-sur-Moudon;4.8
Chavannes-sur-Moudon;13.5
Curtilles;3.2
Dompierre (VD);4.0
Hermenches;2.6
Lovatens;0.0
Lucens;3.2
Moudon;4.6
Ogens;6.7
Prévonloup;6.1
Rossenges;0.0
Syens;0.0
Villars-le-Comte;0.0
Vucherens;7.0
Montanaire;3.5
Arnex-sur-Nyon;0.0
Arzier-Le Muids;3.0
Bassins;3.0
Begnins;2.6
Bogis-Bossey;7.7
Borex;2.7
Chavannes-de-Bogis;3.1
Chavannes-des-Bois;6.3
Chéserex;1.6
Coinsins;6.2
Commugny;4.2
Coppet;3.5
Crans-près-Céligny;3.2
Crassier;6.8
Duillier;0.9
Eysins;3.8
Founex;3.5
Genolier;4.1
Gingins;3.3
Givrins;1.0
Gland;5.0
Grens;0.0
Mies;1.5
Nyon;4.9
Prangins;1.2
La Rippe;2.6
Saint-Cergue;4.4
Signy-Avenex;1.8
Tannay;3.2
Trélex;2.1
Le Vaud;4.7
Vich;6.0
L'Abergement;4.2
Agiez;3.3
Arnex-sur-Orbe;6.3
Ballaigues;3.6
Baulmes;4.7
Bavois;4.3
Bofflens;5.3
Bretonnières;0.0
Chavornay;4.3
Les Clées;0.0
Croy;2.7
Juriens;3.3
Lignerolle;9.7
Montcherand;4.2
Orbe;4.9
La Praz;0.0
Premier;4.9
Rances;0.0
Romainmôtier-Envy;1.8
Sergey;14.4
Valeyres-sous-Rances;1.6
Vallorbe;6.8
Vaulion;2.0
Vuiteboeuf;5.2
Corcelles-le-Jorat;2.3
Essertes;5.9
Maracon;8.7
Montpreveyres;4.7
Ropraz;8.9
Servion;4.2
Vulliens;2.0
Jorat-Menthue;7.2
Oron;3.3
Jorat-Mézières;3.2
Champtauroz;15.5
Chevroux;2.2
Corcelles-près-Payerne;3.7
Grandcour;1.1
Henniez;17.3
Missy;2.8
Payerne;4.7
Trey;11.3
Treytorrens (Payerne);15.8
Villarzel;0.0
Valbroye;2.0
Château-d'Oex;4.1
Rossinière;1.8
Rougemont;3.4
Allaman;6.9
Bursinel;0.0
Bursins;6.6
Burtigny;0.0
Dully;3.1
Essertines-sur-Rolle;4.3
Gilly;4.7
Luins;3.3
Mont-sur-Rolle;3.0
Perroy;0.7
Rolle;3.4
Tartegnin;8.5
Vinzel;2.8
L'Abbaye;6.8
Le Chenit;2.8
Le Lieu;2.3
Blonay;2.6
Chardonne;5.2
Corseaux;4.4
Corsier-sur-Vevey;4.4
Jongny;2.0
Montreux;4.3
Saint-Légier-La Chiésaz;2.7
La Tour-de-Peilz;3.2
Vevey;5.2
Veytaux;2.3
Belmont-sur-Yverdon;5.4
Bioley-Magnoux;0.0
Chamblon;11.1
Champvent;3.0
Chavannes-le-Chêne;10.0
Chêne-Pâquier;0.0
Cheseaux-Noréaz;1.5
Cronay;2.6
Cuarny;12.6
Démoret;7.4
Donneloye;3.8
Ependes (VD);2.8
Mathod;3.2
Molondin;8.9
Montagny-près-Yverdon;1.4
Oppens;0.0
Orges;0.0
Orzens;5.1
Pomy;3.9
Rovray;5.6
Suchy;6.6
Suscévaz;10.0
Treycovagnes;2.2
Ursins;4.7
Valeyres-sous-Montagny;5.7
Valeyres-sous-Ursins;4.1
Villars-Epeney;0.0
Vugelles-La Mothe;15.6
Yverdon-les-Bains;4.8
Yvonand;3.0
Brig-Glis;4.9
Eggerberg;2.9
Naters;4.9
Ried-Brig;5.3
Simplon;0.0
Termen;3.3
Zwischbergen;12.9
Ardon;3.9
Chamoson;4.5
Conthey;5.3
Nendaz;2.8
Vétroz;3.5
Bagnes;3.5
Bourg-Saint-Pierre;0.0
Liddes;9.2
Orsières;3.1
Sembrancher;5.9
Vollèges;2.5
Bellwald;5.1
Binn;0.0
Ernen;0.0
Fiesch;2.2
Fieschertal;3.1
Lax;0.0
Obergoms;1.5
Goms;5.0
Ayent;4.6
Evolène;4.1
Hérémence;6.5
Saint-Martin (VS);1.2
Vex;4.4
Mont-Noble;6.6
Agarn;0.0
Albinen;0.0
Ergisch;5.3
Inden;0.0
Leuk;2.0
Leukerbad;2.1
Oberems;0.0
Salgesch;3.4
Varen;6.4
Guttet-Feschel;9.5
Gampel-Bratsch;2.5
Turtmann-Unterems;4.5
Bovernier;2.2
Charrat;3.4
Fully;4.7
Isérables;3.6
Leytron;4.4
Martigny;4.3
Martigny-Combe;3.9
Riddes;3.6
Saillon;4.3
Saxon;4.9
Trient;5.6
Champéry;4.5
Collombey-Muraz;4.9
Monthey;4.6
Port-Valais;3.0
Saint-Gingolph;1.1
Troistorrents;6.3
Val-d'Illiez;5.3
Vionnaz;5.0
Vouvry;5.4
Bister;0.0
Bitsch;5.2
Grengiols;2.3
Riederalp;4.1
Ausserberg;4.8
Blatten;3.4
Bürchen;6.9
Eischoll;9.1
Ferden;0.0
Kippel;0.0
Niedergesteln;8.6
Raron;5.2
Unterbäch;4.8
Wiler (Lötschen);0.0
Mörel-Filet;4.4
Steg-Hohtenn;8.3
Bettmeralp;2.2
Collonges;3.9
Dorénaz;3.3
Evionnaz;4.8
Finhaut;2.5
Massongex;7.2
Saint-Maurice;3.5
Salvan;4.3
Vernayaz;5.3
Vérossaz;6.7
Chalais;4.6
Chippis;3.1
Grône;2.5
Icogne;7.1
Lens;3.2
Miège;0.7
Saint-Léonard;2.6
Sierre;4.3
Venthône;4.8
Veyras;2.2
Anniviers;3.3
Crans-Montana;3.4
Arbaz;1.6
Grimisuat;3.0
Savièse;3.7
Sion;3.9
Veysonnaz;3.3
Baltschieder;0.8
Eisten;5.0
Embd;6.7
Grächen;8.4
Lalden;6.0
Randa;0.0
Saas-Almagell;0.0
Saas-Balen;5.6
Saas-Fee;0.6
Saas-Grund;4.9
St. Niklaus;2.2
Stalden (VS);1.8
Staldenried;1.8
Täsch;4.7
Törbel;10.6
Visp;4.4
Visperterminen;5.2
Zeneggen;7.1
Zermatt;4.4
Boudry;2.8
Corcelles-Cormondrèche;2.5
Cortaillod;4.2
Peseux;4.3
Rochefort;4.0
Milvignes;3.8
La Grande Béroche;3.0
La Chaux-de-Fonds;3.9
Les Planchettes;4.9
La Sagne;4.2
Les Brenets;1.9
La Brévine;1.6
Brot-Plamboz;3.8
Le Cerneux-Péquignot;3.1
La Chaux-du-Milieu;4.0
Le Locle;4.6
Les Ponts-de-Martel;2.3
Cornaux;1.9
Cressier (NE);4.2
Enges;0.0
Hauterive (NE);1.9
Le Landeron;5.0
Lignières;3.1
Neuchâtel;5.2
Saint-Blaise;3.4
La Tène;2.0
Valangin;5.9
Val-de-Ruz;3.9
La Côte-aux-Fées;6.7
Les Verrières;1.4
Val-de-Travers;3.8
Aire-la-Ville;3.4
Anières;2.8
Avully;4.0
Avusy;1.4
Bardonnex;4.0
Bellevue;1.8
Bernex;3.7
Carouge (GE);5.2
Cartigny;2.2
Céligny;5.2
Chancy;1.2
Chêne-Bougeries;3.9
Chêne-Bourg;5.0
Choulex;5.3
Collex-Bossy;1.2
Collonge-Bellerive;3.3
Cologny;5.6
Confignon;1.3
Corsier (GE);2.9
Dardagny;8.2
Genève;4.9
Genthod;2.9
Le Grand-Saconnex;3.1
Gy;4.1
Hermance;2.9
Jussy;1.6
Laconnex;4.5
Lancy;4.9
Meinier;5.1
Meyrin;4.9
Onex;4.9
Perly-Certoux;4.6
Plan-les-Ouates;4.1
Pregny-Chambésy;2.8
Presinge;3.0
Puplinge;6.7
Russin;3.7
Satigny;2.7
Soral;5.0
Thônex;3.4
Troinex;3.8
Vandoeuvres;2.4
Vernier;4.7
Versoix;4.1
Veyrier;3.6
Boécourt;4.4
Bourrignon;15.2
Châtillon (JU);8.3
Courchapoix;2.3
Courrendlin;5.9
Courroux;5.8
Courtételle;5.8
Delémont;3.7
Develier;6.4
Ederswiler;8.6
Mervelier;2.0
Mettembert;0.0
Movelier;2.5
Pleigne;2.9
Rossemaison;7.7
Saulcy;7.8
Soyhières;6.6
Haute-Sorne;4.5
Val Terbi;3.5
Le Bémont (JU);6.4
Les Bois;1.6
Les Breuleux;2.6
La Chaux-des-Breuleux;0.0
Les Enfers;7.1
Les Genevez (JU);2.0
Lajoux (JU);3.0
Montfaucon;6.4
Muriaux;4.0
Le Noirmont;2.2
Saignelégier;2.7
Saint-Brais;4.4
Soubey;0.0
Alle;1.1
Beurnevésin;8.1
Boncourt;1.7
Bonfol;6.0
Bure;1.5
Coeuve;10.9
Cornol;3.9
Courchavon;0.0
Courgenay;2.6
Courtedoux;5.2
Damphreux;0.0
Fahy;5.5
Fontenais;4.2
Grandfontaine;5.1
Lugnez;5.4
Porrentruy;4.7
Vendlincourt;0.0
Basse-Allaine;2.5
Clos du Doubs;1.5
Haute-Ajoie;0.0
La Baroche;3.4
