Gemeindename;im 2. Sektor
Aeugst am Albis;13
Affoltern am Albis;134
Bonstetten;30
Hausen am Albis;37
Hedingen;24
Kappel am Albis;22
Knonau;14
Maschwanden;7
Mettmenstetten;55
Obfelden;70
Ottenbach;31
Rifferswil;18
Stallikon;26
Wettswil am Albis;41
Adlikon;7
Benken (ZH);11
Berg am Irchel;10
Buch am Irchel;8
Dachsen;26
Dorf;5
Feuerthalen;32
Flaach;25
Flurlingen;19
Andelfingen;36
Henggart;16
Humlikon;6
Kleinandelfingen;35
Laufen-Uhwiesen;20
Marthalen;49
Ossingen;13
Rheinau;18
Thalheim an der Thur;6
Trüllikon;15
Truttikon;5
Volken;X
Bachenbülach;47
Bassersdorf;96
Bülach;163
Dietlikon;85
Eglisau;40
Embrach;77
Freienstein-Teufen;25
Glattfelden;54
Hochfelden;22
Höri;56
Hüntwangen;15
Kloten;139
Lufingen;16
Nürensdorf;51
Oberembrach;10
Opfikon;152
Rafz;43
Rorbas;34
Wallisellen;156
Wasterkingen;X
Wil (ZH);22
Winkel;25
Bachs;7
Boppelsen;9
Buchs (ZH);53
Dällikon;79
Dänikon;26
Dielsdorf;61
Hüttikon;6
Neerach;31
Niederglatt;43
Niederhasli;85
Niederweningen;23
Oberglatt;60
Oberweningen;15
Otelfingen;51
Regensberg;X
Regensdorf;215
Rümlang;148
Schleinikon;12
Schöfflisdorf;15
Stadel;19
Steinmaur;36
Weiach;19
Bäretswil;74
Bubikon;103
Dürnten;87
Fischenthal;43
Gossau (ZH);130
Grüningen;45
Hinwil;165
Rüti (ZH);130
Seegräben;10
Wald (ZH);139
Wetzikon (ZH);313
Adliswil;125
Kilchberg (ZH);47
Langnau am Albis;52
Oberrieden;24
Richterswil;113
Rüschlikon;40
Thalwil;112
Erlenbach (ZH);35
Herrliberg;24
Hombrechtikon;90
Küsnacht (ZH);102
Männedorf;66
Meilen;87
Oetwil am See;66
Stäfa;122
Uetikon am See;47
Zumikon;41
Zollikon;59
Fehraltorf;94
Hittnau;61
Lindau;69
Pfäffikon;106
Russikon;50
Weisslingen;32
Wila;38
Wildberg;20
Dübendorf;274
Egg;87
Fällanden;74
Greifensee;29
Maur;71
Mönchaltorf;51
Schwerzenbach;46
Uster;290
Volketswil;232
Wangen-Brüttisellen;99
Altikon;9
Brütten;14
Dägerlen;11
Dättlikon;10
Dinhard;17
Ellikon an der Thur;14
Elsau;52
Hagenbuch;17
Hettlingen;17
Neftenbach;63
Pfungen;48
Rickenbach (ZH);19
Schlatt (ZH);8
Seuzach;91
Turbenthal;58
Winterthur;892
Zell (ZH);71
Aesch (ZH);7
Birmensdorf (ZH);74
Dietikon;266
Geroldswil;56
Oberengstringen;57
Oetwil an der Limmat;13
Schlieren;198
Uitikon;21
Unterengstringen;42
Urdorf;117
Weiningen (ZH);56
Zürich;2'584
Stammheim;53
Wädenswil;252
Elgg;63
Horgen;188
Illnau-Effretikon;177
Bauma;74
Wiesendangen;51
Aarberg;63
Bargen (BE);9
Grossaffoltern;39
Kallnach;30
Kappelen;25
Lyss;165
Meikirch;25
Radelfingen;18
Rapperswil (BE);44
Schüpfen;39
Seedorf (BE);40
Aarwangen;49
Auswil;5
Bannwil;10
Bleienbach;20
Busswil bei Melchnau;X
Gondiswil;11
Langenthal;159
Lotzwil;34
Madiswil;62
Melchnau;20
Obersteckholz;7
Oeschenbach;7
Reisiswil;X
Roggwil (BE);37
Rohrbach;27
Rohrbachgraben;5
Rütschelen;6
Schwarzhäusern;10
Thunstetten;46
Ursenbach;16
Wynau;22
Bern;1'094
Bolligen;40
Bremgarten bei Bern;14
Kirchlindach;26
Köniz;276
Muri bei Bern;133
Oberbalm;12
Stettlen;26
Vechigen;45
Wohlen bei Bern;53
Zollikofen;76
Ittigen;98
Ostermundigen;118
Biel/Bienne;525
Evilard;12
Arch;33
Büetigen;14
Büren an der Aare;60
Diessbach bei Büren;17
Dotzigen;16
Lengnau (BE);79
Leuzigen;17
Meienried;X
Meinisberg;16
Oberwil bei Büren;14
Pieterlen;52
Rüti bei Büren;20
Wengi;6
Aefligen;19
Alchenstorf;X
Bäriswil;13
Burgdorf;165
Ersigen;23
Hasle bei Burgdorf;31
Heimiswil;13
Hellsau;X
Hindelbank;31
Höchstetten;5
Kernenried;X
Kirchberg (BE);66
Koppigen;28
Krauchthal;25
Lyssach;19
Mötschwil;X
Oberburg;34
Rüdtligen-Alchenflüh;19
Rumendingen;X
Rüti bei Lyssach;X
Willadingen;X
Wynigen;35
Corgémont;26
Cormoret;9
Cortébert;19
Courtelary;25
La Ferrière;10
Mont-Tramelan;X
Orvin;18
Renan (BE);13
Romont (BE);X
Saint-Imier;69
Sonceboz-Sombeval;29
Sonvilier;10
Tramelan;62
Villeret;18
Sauge;10
Péry-La Heutte;26
Brüttelen;8
Erlach;16
Finsterhennen;X
Gals;9
Gampelen;13
Ins;34
Lüscherz;10
Müntschemier;18
Siselen;14
Treiten;X
Tschugg;7
Vinelz;13
Bätterkinden;27
Deisswil bei Münchenbuchsee;X
Diemerswil;X
Fraubrunnen;57
Jegenstorf;44
Iffwil;10
Mattstetten;6
Moosseedorf;38
Münchenbuchsee;88
Urtenen-Schönbühl;53
Utzenstorf;52
Wiggiswil;X
Wiler bei Utzenstorf;14
Zielebach;X
Zuzwil (BE);X
Adelboden;75
Aeschi bei Spiez;31
Frutigen;121
Kandergrund;17
Kandersteg;19
Krattigen;16
Reichenbach im Kandertal;81
Beatenberg;22
Bönigen;41
Brienz (BE);61
Brienzwiler;11
Därligen;X
Grindelwald;62
Gsteigwiler;7
Gündlischwand;7
Habkern;10
Hofstetten bei Brienz;16
Interlaken;96
Iseltwald;9
Lauterbrunnen;43
Leissigen;13
Lütschental;X
Matten bei Interlaken;26
Niederried bei Interlaken;X
Oberried am Brienzersee;9
Ringgenberg (BE);34
Saxeten;X
Schwanden bei Brienz;5
Unterseen;57
Wilderswil;37
Arni (BE);19
Biglen;29
Bowil;20
Brenzikofen;6
Freimettigen;X
Grosshöchstetten;61
Häutligen;X
Herbligen;5
Kiesen;10
Konolfingen;57
Landiswil;15
Linden;17
Mirchel;X
Münsingen;114
Niederhünigen;7
Oberdiessbach;54
Oberthal;10
Oppligen;6
Rubigen;27
Walkringen;33
Worb;118
Zäziwil;31
Oberhünigen;X
Allmendingen;X
Wichtrach;45
Clavaleyres;X
Ferenbalm;24
Frauenkappelen;27
Gurbrü;X
Kriechenwil;X
Laupen;27
Mühleberg;43
Münchenwiler;11
Neuenegg;53
Wileroltigen;X
Belprahon;5
Champoz;X
Corcelles (BE);7
Court;43
Crémines;8
Eschert;10
Grandval;X
Loveresse;X
Moutier;100
Perrefitte;13
Reconvilier;30
Roches (BE);5
Saicourt;X
Saules (BE);X
Schelten;X
Seehof;X
Sorvilier;X
Tavannes;48
Rebévelier;X
Petit-Val;5
Valbirse;49
La Neuveville;44
Nods;12
Plateau de Diesse;29
Aegerten;22
Bellmund;11
Brügg;84
Bühl;6
Epsach;X
Hagneck;6
Hermrigen;5
Jens;X
Ipsach;23
Ligerz;6
Merzligen;5
Mörigen;5
Nidau;69
Orpund;36
Port;36
Safnern;34
Scheuren;5
Schwadernau;7
Studen (BE);38
Sutz-Lattrigen;16
Täuffelen;32
Walperswil;9
Worben;22
Twann-Tüscherz;17
Därstetten;20
Diemtigen;66
Erlenbach im Simmental;31
Oberwil im Simmental;15
Reutigen;14
Spiez;119
Wimmis;44
Stocken-Höfen;16
Guttannen;X
Hasliberg;13
Innertkirchen;17
Meiringen;56
Schattenhalb;9
Boltigen;25
Lenk;51
St. Stephan;32
Zweisimmen;53
Gsteig;27
Lauenen;19
Saanen;116
Guggisberg;21
Rüschegg;21
Schwarzenburg;99
Belp;121
Burgistein;15
Gerzensee;16
Gurzelen;15
Jaberg;6
Kaufdorf;15
Kehrsatz;42
Kirchdorf (BE);25
Kirchenthurnen;X
Lohnstorf;X
Mühlethurnen;14
Niedermuhlern;6
Riggisberg;50
Rüeggisberg;32
Rümligen;8
Seftigen;30
Toffen;26
Uttigen;24
Wattenwil;46
Wald (BE);8
Eggiwil;36
Langnau im Emmental;131
Lauperswil;47
Röthenbach im Emmental;16
Rüderswil;48
Schangnau;23
Signau;48
Trub;25
Trubschachen;24
Amsoldingen;12
Blumenstein;25
Buchholterberg;20
Eriz;8
Fahrni;11
Heiligenschwendi;X
Heimberg;76
Hilterfingen;29
Homberg;11
Horrenbach-Buchen;6
Oberhofen am Thunersee;21
Oberlangenegg;8
Pohlern;X
Schwendibach;X
Sigriswil;63
Steffisburg;131
Teuffenthal (BE);6
Thierachern;13
Thun;403
Uebeschi;12
Uetendorf;111
Unterlangenegg;18
Wachseldorn;X
Zwieselberg;X
Forst-Längenbühl;11
Affoltern im Emmental;30
Dürrenroth;17
Eriswil;32
Huttwil;85
Lützelflüh;64
Rüegsau;33
Sumiswald;93
Trachselwald;15
Walterswil (BE);8
Wyssachen;22
Attiswil;19
Berken;X
Bettenhausen;8
Farnern;X
Graben;X
Heimenhausen;13
Herzogenbuchsee;96
Inkwil;7
Niederbipp;60
Niederönz;20
Oberbipp;28
Ochlenberg;6
Rumisberg;X
Seeberg;26
Thörigen;17
Walliswil bei Niederbipp;X
Walliswil bei Wangen;7
Wangen an der Aare;41
Wangenried;6
Wiedlisbach;34
Wolfisberg;X
Doppleschwand;10
Entlebuch;59
Flühli;36
Hasle (LU);24
Romoos;13
Schüpfheim;70
Werthenstein;39
Escholzmatt-Marbach;59
Aesch (LU);27
Altwis;9
Ballwil;48
Emmen;267
Ermensee;23
Eschenbach (LU);49
Hitzkirch;81
Hochdorf;112
Hohenrain;33
Inwil;45
Rain;35
Römerswil;20
Rothenburg;90
Schongau;22
Adligenswil;39
Buchrain;69
Dierikon;15
Ebikon;109
Gisikon;18
Greppen;11
Honau;5
Horw;111
Kriens;223
Luzern;639
Malters;108
Meggen;42
Meierskappel;17
Root;91
Schwarzenberg;20
Udligenswil;27
Vitznau;10
Weggis;62
Beromünster;100
Büron;43
Buttisholz;53
Eich;17
Geuensee;35
Grosswangen;53
Hildisrieden;20
Knutwil;30
Mauensee;8
Neuenkirch;96
Nottwil;34
Oberkirch;31
Rickenbach (LU);58
Ruswil;91
Schenkon;32
Schlierbach;12
Sempach;52
Sursee;147
Triengen;59
Wolhusen;52
Alberswil;9
Altbüron;25
Altishofen;23
Dagmersellen;90
Ebersecken;9
Egolzwil;21
Ettiswil;41
Fischbach;7
Gettnau;22
Grossdietwil;14
Hergiswil bei Willisau;26
Luthern;23
Menznau;37
Nebikon;28
Pfaffnau;33
Reiden;96
Roggliswil;13
Schötz;66
Ufhusen;20
Wauwil;27
Wikon;14
Zell (LU);41
Willisau;97
Altdorf (UR);97
Andermatt;17
Attinghausen;17
Bauen;X
Bürglen (UR);53
Erstfeld;34
Flüelen;24
Göschenen;7
Gurtnellen;8
Hospental;X
Isenthal;12
Realp;X
Schattdorf;55
Seedorf (UR);28
Seelisberg;15
Silenen;18
Sisikon;5
Spiringen;7
Unterschächen;9
Wassen;X
Einsiedeln;247
Gersau;30
Feusisberg;128
Freienbach;287
Wollerau;131
Küssnacht (SZ);188
Altendorf;139
Galgenen;69
Innerthal;X
Lachen;108
Reichenburg;65
Schübelbach;137
Tuggen;46
Vorderthal;20
Wangen (SZ);100
Alpthal;10
Arth;137
Illgau;10
Ingenbohl;83
Lauerz;5
Morschach;19
Muotathal;66
Oberiberg;17
Riemenstalden;X
Rothenthurm;40
Sattel;25
Schwyz;197
Steinen;54
Steinerberg;15
Unteriberg;57
Alpnach;89
Engelberg;55
Giswil;71
Kerns;93
Lungern;37
Sachseln;54
Sarnen;143
Beckenried;48
Buochs;80
Dallenwil;25
Emmetten;21
Ennetbürgen;47
Ennetmoos;26
Hergiswil (NW);81
Oberdorf (NW);42
Stans;132
Stansstad;58
Wolfenschiessen;28
Glarus Nord;266
Glarus Süd;154
Glarus;196
Baar;406
Cham;221
Hünenberg;157
Menzingen;48
Neuheim;37
Oberägeri;64
Risch;116
Steinhausen;141
Unterägeri;97
Walchwil;32
Zug;332
Châtillon (FR);X
Cheiry;X
Cugy (FR);22
Fétigny;5
Gletterens;11
Lully (FR);5
Ménières;X
Montagny (FR);24
Nuvilly;10
Prévondavaux;X
Saint-Aubin (FR);20
Sévaz;7
Surpierre;11
Vallon;X
Les Montets;21
Delley-Portalban;12
Belmont-Broye;74
Estavayer;130
Cheyres-Châbles;23
Auboranges;X
Billens-Hennens;7
Chapelle (Glâne);X
Le Châtelard;X
Châtonnaye;10
Ecublens (FR);5
Grangettes;X
Massonnens;7
Mézières (FR);10
Montet (Glâne);5
Romont (FR);78
Rue;17
Siviriez;32
Ursy;33
Villaz-Saint-Pierre;18
Vuisternens-devant-Romont;30
Villorsonnens;17
Torny;11
La Folliaz;5
Haut-Intyamon;26
Pont-en-Ogoz;12
Botterens;7
Broc;24
Bulle;236
Châtel-sur-Montsalvens;X
Corbières;9
Crésuz;X
Echarlens;7
Grandvillard;9
Gruyères;33
Hauteville;7
Jaun;12
Marsens;11
Morlon;X
Le Pâquier (FR);8
Pont-la-Ville;5
Riaz;26
La Roche;21
Sâles;26
Sorens;14
Vaulruz;26
Vuadens;24
Bas-Intyamon;14
Val-de-Charmey;48
Arconciel;6
Autigny;5
Avry;21
Belfaux;34
Chénens;11
Corminboeuf;25
Corserey;6
Cottens (FR);8
Ependes (FR);12
Ferpicloz;5
Fribourg;260
Givisiez;54
Granges-Paccot;43
Grolley;28
Marly;72
Matran;22
Neyruz (FR);15
Noréaz;6
Pierrafortscha;X
Ponthaux;X
Le Mouret;30
Prez-vers-Noréaz;11
Senèdes;X
Treyvaux;22
Villars-sur-Glâne;79
Villarsel-sur-Marly;X
Hauterive (FR);35
La Brillaz;11
La Sonnaz;10
Gibloux;93
Courgevaux;27
Courtepin;29
Cressier (FR);12
Fräschels;X
Galmiz;6
Gempenach;X
Greng;X
Gurmels;43
Kerzers;65
Kleinbösingen;11
Meyriez;5
Misery-Courtion;17
Muntelier;11
Murten;97
Ried bei Kerzers;22
Ulmiz;X
Mont-Vully;34
Alterswil;28
Brünisried;5
Düdingen;104
Giffers;14
Bösingen;45
Heitenried;11
Plaffeien;38
Plasselb;13
Rechthalten;16
St. Antoni;30
St. Silvester;9
St. Ursen;16
Schmitten (FR);46
Tafers;37
Tentlingen;19
Ueberstorf;24
Wünnewil-Flamatt;81
Attalens;41
Bossonnens;21
Châtel-Saint-Denis;99
Granges (Veveyse);15
Remaufens;14
Saint-Martin (FR);11
Semsales;31
Le Flon;14
La Verrerie;13
Egerkingen;49
Härkingen;39
Kestenholz;27
Neuendorf;25
Niederbuchsiten;14
Oberbuchsiten;32
Oensingen;90
Wolfwil;38
Aedermannsdorf;7
Balsthal;91
Gänsbrunnen;X
Herbetswil;8
Holderbank (SO);13
Laupersdorf;28
Matzendorf;22
Mümliswil-Ramiswil;26
Welschenrohr;16
Biezwil;X
Lüterkofen-Ichertswil;5
Lüterswil-Gächliwil;7
Messen;14
Schnottwil;19
Unterramsern;X
Lüsslingen-Nennigkofen;16
Buchegg;42
Bättwil;16
Büren (SO);9
Dornach;63
Gempen;11
Hochwald;11
Hofstetten-Flüh;32
Metzerlen-Mariastein;10
Nuglar-St. Pantaleon;19
Rodersdorf;9
Seewen;12
Witterswil;13
Hauenstein-Ifenthal;5
Kienberg;X
Lostorf;43
Niedergösgen;54
Obergösgen;19
Rohr (SO);X
Stüsslingen;9
Trimbach;57
Winznau;20
Wisen (SO);5
Erlinsbach (SO);30
Aeschi (SO);15
Biberist;95
Bolken;X
Deitingen;35
Derendingen;65
Etziken;16
Gerlafingen;43
Halten;X
Horriwil;10
Hüniken;X
Kriegstetten;21
Lohn-Ammannsegg;35
Luterbach;35
Obergerlafingen;27
Oekingen;10
Recherswil;33
Subingen;39
Zuchwil;64
Drei Höfe;6
Balm bei Günsberg;X
Bellach;73
Bettlach;55
Feldbrunnen-St. Niklaus;12
Flumenthal;16
Grenchen;207
Günsberg;17
Hubersdorf;8
Kammersrohr;X
Langendorf;29
Lommiswil;6
Oberdorf (SO);12
Riedholz;20
Rüttenen;22
Selzach;62
Boningen;10
Däniken;43
Dulliken;57
Eppenberg-Wöschnau;6
Fulenbach;29
Gretzenbach;38
Gunzgen;28
Hägendorf;60
Kappel (SO);21
Olten;174
Rickenbach (SO);6
Schönenwerd;64
Starrkirch-Wil;9
Walterswil (SO);6
Wangen bei Olten;33
Solothurn;168
Bärschwil;14
Beinwil (SO);X
Breitenbach;36
Büsserach;42
Erschwil;22
Fehren;8
Grindel;5
Himmelried;9
Kleinlützel;22
Meltingen;11
Nunningen;26
Zullwil;15
Basel;1'396
Bettingen;7
Riehen;110
Aesch (BL);132
Allschwil;188
Arlesheim;79
Biel-Benken;41
Binningen;87
Birsfelden;95
Bottmingen;32
Ettingen;43
Münchenstein;188
Muttenz;205
Oberwil (BL);93
Pfeffingen;9
Reinach (BL);163
Schönenbuch;12
Therwil;87
Blauen;6
Brislach;19
Burg im Leimental;X
Dittingen;17
Duggingen;24
Grellingen;18
Laufen;67
Liesberg;18
Nenzlingen;X
Roggenburg;7
Röschenz;21
Wahlen;11
Zwingen;55
Arisdorf;19
Augst;22
Bubendorf;60
Frenkendorf;54
Füllinsdorf;44
Giebenach;14
Hersberg;X
Lausen;64
Liestal;191
Lupsingen;8
Pratteln;193
Ramlinsburg;X
Seltisberg;13
Ziefen;26
Anwil;X
Böckten;14
Buckten;13
Buus;12
Diepflingen;14
Gelterkinden;90
Häfelfingen;X
Hemmiken;5
Itingen;25
Känerkinden;X
Kilchberg (BL);X
Läufelfingen;21
Maisprach;16
Nusshof;X
Oltingen;12
Ormalingen;33
Rickenbach (BL);X
Rothenfluh;9
Rümlingen;11
Rünenberg;9
Sissach;89
Tecknau;12
Tenniken;11
Thürnen;10
Wenslingen;12
Wintersingen;10
Wittinsburg;6
Zeglingen;X
Zunzgen;26
Arboldswil;6
Bennwil;10
Bretzwil;6
Diegten;21
Eptingen;14
Hölstein;35
Lampenberg;X
Langenbruck;10
Lauwil;6
Liedertswil;X
Niederdorf;33
Oberdorf (BL);25
Reigoldswil;27
Titterten;5
Waldenburg;18
Gächlingen;12
Löhningen;15
Neunkirch;29
Büttenhardt;X
Dörflingen;14
Lohn (SH);12
Stetten (SH);9
Thayngen;80
Bargen (SH);X
Beringen;62
Buchberg;7
Merishausen;10
Neuhausen am Rheinfall;132
Rüdlingen;15
Schaffhausen;350
Beggingen;8
Schleitheim;28
Siblingen;11
Buch (SH);6
Hemishofen;7
Ramsen;25
Stein am Rhein;47
Hallau;37
Oberhallau;X
Trasadingen;9
Wilchingen;33
Herisau;247
Hundwil;12
Schönengrund;9
Schwellbrunn;17
Stein (AR);30
Urnäsch;40
Waldstatt;29
Bühler;39
Gais;52
Speicher;53
Teufen (AR);77
Trogen;32
Grub (AR);15
Heiden;45
Lutzenberg;22
Rehetobel;34
Reute (AR);12
Wald (AR);14
Walzenhausen;47
Wolfhalden;41
Appenzell;135
Gonten;26
Rüte;52
Schlatt-Haslen;17
Schwende;29
Oberegg;49
Häggenschwil;12
Muolen;28
St. Gallen;805
Wittenbach;106
Berg (SG);6
Eggersriet;21
Goldach;93
Mörschwil;46
Rorschach;128
Rorschacherberg;54
Steinach;49
Tübach;29
Untereggen;21
Au (SG);118
Balgach;76
Berneck;72
Diepoldsau;123
Rheineck;65
St. Margrethen;102
Thal;124
Widnau;148
Altstätten;178
Eichberg;21
Marbach (SG);27
Oberriet (SG);164
Rebstein;52
Rüthi (SG);54
Buchs (SG);151
Gams;53
Grabs;76
Sennwald;85
Sevelen;56
Wartau;63
Bad Ragaz;67
Flums;78
Mels;109
Pfäfers;27
Quarten;47
Sargans;67
Vilters-Wangs;67
Walenstadt;66
Amden;17
Benken (SG);40
Kaltbrunn;81
Schänis;60
Weesen;15
Schmerikon;51
Uznach;79
Rapperswil-Jona;239
Gommiswald;68
Eschenbach (SG);145
Ebnat-Kappel;72
Wildhaus-Alt St. Johann;49
Nesslau;73
Hemberg;17
Lichtensteig;27
Oberhelfenschwil;27
Neckertal;76
Wattwil;148
Kirchberg (SG);149
Lütisburg;38
Mosnang;46
Bütschwil-Ganterschwil;93
Degersheim;66
Flawil;142
Jonschwil;67
Oberuzwil;78
Uzwil;127
Niederbüren;27
Niederhelfenschwil;50
Oberbüren;97
Zuzwil (SG);86
Wil (SG);242
Andwil (SG);35
Gaiserwald;71
Gossau (SG);228
Waldkirch;66
Vaz/Obervaz;45
Lantsch/Lenz;9
Schmitten (GR);X
Albula/Alvra;28
Surses;58
Bergün Filisur;21
Brusio;31
Poschiavo;97
Falera;X
Laax;27
Sagogn;X
Schluein;15
Vals;19
Lumnezia;40
Ilanz/Glion;66
Fürstenau;X
Rothenbrunnen;7
Scharans;9
Sils im Domleschg;28
Cazis;41
Flerden;X
Masein;5
Thusis;41
Tschappina;X
Urmein;X
Safiental;16
Domleschg;25
Avers;X
Sufers;X
Andeer;20
Casti-Wergenstein;X
Donat;X
Lohn (GR);X
Mathon;X
Rongellen;X
Zillis-Reischen;9
Ferrera;X
Rheinwald;13
Bonaduz;27
Domat/Ems;67
Rhäzüns;18
Felsberg;38
Flims;45
Tamins;13
Trin;22
Zernez;34
Samnaun;12
Scuol;83
Valsot;24
Bever;9
Celerina/Schlarigna;24
Madulain;X
Pontresina;31
La Punt-Chamues-ch;16
Samedan;44
St. Moritz;80
S-chanf;8
Sils im Engadin/Segl;19
Silvaplana;13
Zuoz;19
Bregaglia;52
Buseno;X
Castaneda;6
Rossa;X
Santa Maria in Calanca;X
Lostallo;23
Mesocco;28
Soazza;17
Cama;13
Grono;38
Roveredo (GR);48
San Vittore;31
Calanca;7
Val Müstair;37
Davos;144
Fideris;18
Furna;5
Jenaz;37
Klosters-Serneus;99
Conters im Prättigau;5
Küblis;22
Luzein;28
Chur;353
Churwalden;31
Arosa;54
Maladers;14
Tschiertschen-Praden;7
Haldenstein;19
Trimmis;56
Untervaz;46
Zizers;41
Fläsch;6
Jenins;12
Maienfeld;53
Malans;43
Landquart;103
Grüsch;22
Schiers;38
Seewis im Prättigau;23
Breil/Brigels;27
Disentis/Mustér;27
Medel (Lucmagn);7
Sumvitg;21
Tujetsch;21
Trun;27
Obersaxen Mundaun;12
Aarau;182
Biberstein;6
Buchs (AG);73
Densbüren;8
Erlinsbach (AG);23
Gränichen;75
Hirschthal;15
Küttigen;47
Muhen;47
Oberentfelden;90
Suhr;69
Unterentfelden;33
Baden;186
Bellikon;9
Bergdietikon;40
Birmenstorf (AG);32
Ennetbaden;13
Fislisbach;42
Freienwil;X
Gebenstorf;62
Killwangen;26
Künten;20
Mägenwil;37
Mellingen;66
Neuenhof;84
Niederrohrdorf;26
Oberrohrdorf;24
Obersiggenthal;58
Remetschwil;24
Spreitenbach;114
Stetten (AG);35
Turgi;30
Untersiggenthal;64
Wettingen;177
Wohlenschwil;17
Würenlingen;64
Würenlos;65
Ehrendingen;56
Arni (AG);14
Berikon;33
Bremgarten (AG);102
Büttikon;7
Dottikon;47
Eggenwil;6
Fischbach-Göslikon;18
Hägglingen;40
Jonen;19
Niederwil (AG);33
Oberlunkhofen;22
Oberwil-Lieli;19
Rudolfstetten-Friedlisberg;56
Sarmenstorf;27
Tägerig;12
Uezwil;6
Unterlunkhofen;15
Villmergen;121
Widen;19
Wohlen (AG);175
Zufikon;38
Islisberg;5
Auenstein;18
Birr;33
Birrhard;12
Bözen;9
Brugg;89
Effingen;12
Elfingen;X
Habsburg;X
Hausen (AG);30
Lupfig;44
Mandach;X
Mönthal;7
Mülligen;14
Remigen;16
Riniken;12
Rüfenach;6
Schinznach-Bad;8
Thalheim (AG);10
Veltheim (AG);20
Villigen;18
Villnachern;15
Windisch;50
Bözberg;15
Schinznach;35
Beinwil am See;48
Birrwil;14
Burg (AG);13
Dürrenäsch;21
Gontenschwil;41
Holziken;16
Leimbach (AG);9
Leutwil;13
Menziken;53
Oberkulm;32
Reinach (AG);122
Schlossrued;11
Schmiedrued;13
Schöftland;67
Teufenthal (AG);20
Unterkulm;34
Zetzwil;20
Eiken;32
Frick;48
Gansingen;13
Gipf-Oberfrick;26
Herznach;20
Hornussen;11
Kaisten;22
Laufenburg;51
Münchwilen (AG);17
Oberhof;11
Oeschgen;19
Schwaderloch;13
Sisseln;14
Ueken;7
Wittnau;22
Wölflinswil;18
Zeihen;13
Mettauertal;35
Ammerswil;13
Boniswil;27
Brunegg;9
Dintikon;30
Egliswil;25
Fahrwangen;25
Hallwil;18
Hendschiken;16
Holderbank (AG);18
Hunzenschwil;65
Lenzburg;114
Meisterschwanden;32
Möriken-Wildegg;48
Niederlenz;37
Othmarsingen;37
Rupperswil;74
Schafisheim;30
Seengen;40
Seon;76
Staufen;23
Abtwil;14
Aristau;23
Auw;24
Beinwil (Freiamt);17
Besenbüren;13
Bettwil;6
Boswil;51
Bünzen;19
Buttwil;16
Dietwil;9
Geltwil;X
Kallern;5
Merenschwand;69
Mühlau;22
Muri (AG);115
Oberrüti;22
Rottenschwil;13
Sins;72
Waltenschwil;27
Hellikon;13
Kaiseraugst;53
Magden;38
Möhlin;88
Mumpf;13
Obermumpf;11
Olsberg;X
Rheinfelden;124
Schupfart;12
Stein (AG);26
Wallbach;27
Wegenstetten;12
Zeiningen;30
Zuzgen;8
Aarburg;58
Bottenwil;14
Brittnau;31
Kirchleerau;14
Kölliken;63
Moosleerau;18
Murgenthal;41
Oftringen;118
Reitnau;32
Rothrist;113
Safenwil;63
Staffelbach;12
Strengelbach;43
Uerkheim;26
Vordemwald;24
Wiliberg;X
Zofingen;142
Baldingen;X
Böbikon;X
Böttstein;56
Döttingen;57
Endingen;22
Fisibach;6
Full-Reuenthal;8
Kaiserstuhl;6
Klingnau;51
Koblenz;28
Leibstadt;30
Lengnau (AG);34
Leuggern;35
Mellikon;5
Rekingen (AG);13
Rietheim;9
Rümikon;5
Schneisingen;17
Siglistorf;8
Tegerfelden;18
Wislikofen;6
Bad Zurzach;44
Arbon;122
Dozwil;11
Egnach;81
Hefenhofen;29
Horn;36
Kesswil;19
Roggwil (TG);34
Romanshorn;100
Salmsach;14
Sommeri;12
Uttwil;15
Amriswil;182
Bischofszell;79
Erlen;48
Hauptwil-Gottshaus;39
Hohentannen;11
Kradolf-Schönenberg;53
Sulgen;64
Zihlschlacht-Sitterdorf;38
Basadingen-Schlattingen;39
Diessenhofen;67
Schlatt (TG);28
Aadorf;103
Felben-Wellhausen;49
Frauenfeld;258
Gachnang;65
Hüttlingen;12
Matzingen;48
Neunforn;24
Stettfurt;12
Thundorf;24
Uesslingen-Buch;15
Warth-Weiningen;14
Altnau;32
Bottighofen;22
Ermatingen;46
Gottlieben;5
Güttingen;34
Kemmental;51
Kreuzlingen;206
Langrickenbach;15
Lengwil;22
Münsterlingen;21
Tägerwilen;62
Wäldi;17
Affeltrangen;50
Bettwiesen;18
Bichelsee-Balterswil;54
Braunau;16
Eschlikon;65
Fischingen;66
Lommis;16
Münchwilen (TG);74
Rickenbach (TG);32
Schönholzerswilen;17
Sirnach;105
Tobel-Tägerschen;26
Wängi;86
Wilen (TG);20
Wuppenau;17
Berlingen;10
Eschenz;25
Herdern;10
Homburg;33
Hüttwilen;23
Mammern;6
Müllheim;37
Pfyn;34
Raperswilen;11
Salenstein;18
Steckborn;30
Wagenhausen;18
Amlikon-Bissegg;18
Berg (TG);54
Birwinken;19
Bürglen (TG);59
Bussnang;44
Märstetten;42
Weinfelden;135
Wigoltingen;32
Arbedo-Castione;71
Bellinzona;463
Cadenazzo;57
Isone;X
Lumino;21
Sant'Antonino;43
Acquarossa;39
Blenio;33
Serravalle;35
Airolo;29
Bedretto;X
Bodio;19
Dalpe;5
Faido;50
Giornico;15
Personico;8
Pollegio;9
Prato (Leventina);10
Quinto;20
Ascona;68
Brione (Verzasca);6
Brione sopra Minusio;6
Brissago;29
Corippo;X
Frasco;X
Gordola;73
Lavertezzo;36
Locarno;233
Losone;130
Mergoscia;X
Minusio;80
Muralto;27
Orselina;9
Ronco sopra Ascona;12
Sonogno;X
Tenero-Contra;45
Vogorno;5
Onsernone;15
Cugnasco-Gerra;40
Agno;71
Aranno;X
Arogno;17
Astano;6
Bedano;56
Bedigliora;18
Bioggio;82
Bissone;7
Brusino Arsizio;X
Cademario;X
Cadempino;45
Canobbio;25
Caslano;50
Comano;9
Croglio;28
Cureglia;13
Curio;8
Grancia;13
Gravesano;26
Lamone;53
Lugano;989
Magliaso;12
Manno;53
Maroggia;11
Massagno;43
Melano;27
Melide;26
Mezzovico-Vira;68
Miglieglia;11
Monteggio;18
Morcote;8
Muzzano;24
Neggio;X
Novaggio;9
Origlio;10
Paradiso;63
Ponte Capriasca;17
Ponte Tresa;14
Porza;20
Pura;9
Rovio;13
Savosa;26
Sessa;8
Sorengo;13
Capriasca;82
Torricella-Taverne;86
Vernate;6
Vezia;18
Vico Morcote;X
Collina d'Oro;38
Alto Malcantone;15
Monteceneri;102
Balerna;93
Castel San Pietro;38
Chiasso;209
Coldrerio;25
Mendrisio;303
Morbio Inferiore;51
Novazzano;46
Riva San Vitale;64
Stabio;115
Vacallo;25
Breggia;14
Biasca;92
Riviera;71
Bosco/Gurin;X
Campo (Vallemaggia);8
Cerentino;X
Cevio;38
Linescio;X
Maggia;52
Lavizzara;20
Avegno Gordevio;28
Terre di Pedemonte;49
Centovalli;23
Gambarogno;123
Aigle;151
Bex;110
Chessel;X
Corbeyrier;X
Gryon;20
Lavey-Morcles;12
Leysin;24
Noville;15
Ollon;63
Ormont-Dessous;18
Ormont-Dessus;42
Rennaz;11
Roche (VD);28
Villeneuve (VD);78
Yvorne;17
Apples;13
Aubonne;44
Ballens;8
Berolle;6
Bière;27
Bougy-Villars;X
Féchy;X
Gimel;29
Longirod;X
Marchissy;5
Mollens (VD);5
Montherod;6
Saint-George;10
Saint-Livres;X
Saint-Oyens;X
Saubraz;8
Avenches;53
Cudrefin;15
Faoug;12
Vully-les-Lacs;25
Bettens;X
Bournens;5
Boussens;6
La Chaux (Cossonay);8
Chavannes-le-Veyron;X
Chevilly;X
Cossonay;35
Cottens (VD);X
Cuarnens;12
Daillens;12
Dizy;5
Eclépens;23
Ferreyres;5
Gollion;13
Grancy;7
L'Isle;23
Lussery-Villars;6
Mauraz;X
Mex (VD);8
Moiry;X
Mont-la-Ville;X
Montricher;22
Orny;5
Pampigny;16
Penthalaz;33
Penthaz;32
Pompaples;11
La Sarraz;26
Senarclens;X
Sévery;X
Sullens;11
Vufflens-la-Ville;17
Assens;14
Bercher;12
Bioley-Orjulaz;10
Bottens;16
Bretigny-sur-Morrens;7
Cugy (VD);40
Echallens;63
Essertines-sur-Yverdon;11
Etagnières;13
Fey;9
Froideville;22
Morrens (VD);5
Oulens-sous-Echallens;6
Pailly;5
Penthéréaz;9
Poliez-Pittet;19
Rueyres;5
Saint-Barthélemy (VD);8
Villars-le-Terroir;6
Vuarrens;12
Montilliez;18
Goumoëns;6
Bonvillars;6
Bullet;10
Champagne;12
Concise;10
Corcelles-près-Concise;5
Fiez;X
Fontaines-sur-Grandson;5
Giez;8
Grandevent;X
Grandson;39
Mauborget;X
Mutrux;X
Novalles;X
Onnens (VD);5
Provence;6
Sainte-Croix;82
Tévenon;7
Belmont-sur-Lausanne;19
Cheseaux-sur-Lausanne;36
Crissier;171
Epalinges;34
Jouxtens-Mézery;11
Lausanne;899
Le Mont-sur-Lausanne;138
Paudex;7
Prilly;88
Pully;74
Renens (VD);189
Romanel-sur-Lausanne;42
Chexbres;21
Forel (Lavaux);37
Lutry;70
Puidoux;58
Rivaz;X
Saint-Saphorin (Lavaux);X
Savigny;46
Bourg-en-Lavaux;64
Aclens;32
Bremblens;12
Buchillon;X
Bussigny;119
Bussy-Chardonney;X
Chavannes-près-Renens;57
Chigny;X
Clarmont;X
Denens;6
Denges;20
Echandens;45
Echichens;11
Ecublens (VD);172
Etoy;40
Lavigny;13
Lonay;59
Lully (VD);7
Lussy-sur-Morges;X
Morges;116
Préverenges;67
Reverolle;X
Romanel-sur-Morges;32
Saint-Prex;42
Saint-Sulpice (VD);26
Tolochenaz;21
Vaux-sur-Morges;X
Villars-Sainte-Croix;49
Villars-sous-Yens;X
Vufflens-le-Château;5
Vullierens;7
Yens;13
Boulens;5
Bussy-sur-Moudon;X
Chavannes-sur-Moudon;X
Curtilles;6
Dompierre (VD);X
Hermenches;X
Lovatens;X
Lucens;44
Moudon;81
Ogens;7
Prévonloup;X
Rossenges;X
Syens;X
Villars-le-Comte;X
Vucherens;5
Montanaire;42
Arnex-sur-Nyon;X
Arzier-Le Muids;19
Bassins;13
Begnins;18
Bogis-Bossey;X
Borex;6
Chavannes-de-Bogis;19
Chavannes-des-Bois;X
Chéserex;X
Coinsins;16
Commugny;11
Coppet;19
Crans-près-Céligny;8
Crassier;11
Duillier;17
Eysins;13
Founex;14
Genolier;12
Gingins;16
Givrins;10
Gland;150
Grens;9
Mies;13
Nyon;192
Prangins;11
La Rippe;7
Saint-Cergue;25
Signy-Avenex;X
Tannay;10
Trélex;8
Le Vaud;18
Vich;15
L'Abergement;X
Agiez;X
Arnex-sur-Orbe;12
Ballaigues;20
Baulmes;19
Bavois;12
Bofflens;6
Bretonnières;X
Chavornay;42
Les Clées;5
Croy;7
Juriens;X
Lignerolle;6
Montcherand;6
Orbe;79
La Praz;X
Premier;6
Rances;6
Romainmôtier-Envy;11
Sergey;X
Valeyres-sous-Rances;10
Vallorbe;45
Vaulion;13
Vuiteboeuf;11
Corcelles-le-Jorat;X
Essertes;5
Maracon;X
Montpreveyres;7
Ropraz;7
Servion;21
Vulliens;6
Jorat-Menthue;21
Oron;70
Jorat-Mézières;30
Champtauroz;X
Chevroux;7
Corcelles-près-Payerne;33
Grandcour;16
Henniez;X
Missy;X
Payerne;128
Trey;X
Treytorrens (Payerne);X
Villarzel;6
Valbroye;41
Château-d'Oex;72
Rossinière;19
Rougemont;19
Allaman;7
Bursinel;X
Bursins;10
Burtigny;6
Dully;X
Essertines-sur-Rolle;10
Gilly;10
Luins;7
Mont-sur-Rolle;12
Perroy;19
Rolle;60
Tartegnin;X
Vinzel;5
L'Abbaye;41
Le Chenit;104
Le Lieu;28
Blonay;30
Chardonne;18
Corseaux;11
Corsier-sur-Vevey;36
Jongny;5
Montreux;238
Saint-Légier-La Chiésaz;38
La Tour-de-Peilz;56
Vevey;155
Veytaux;7
Belmont-sur-Yverdon;10
Bioley-Magnoux;6
Chamblon;10
Champvent;14
Chavannes-le-Chêne;7
Chêne-Pâquier;X
Cheseaux-Noréaz;X
Cronay;X
Cuarny;6
Démoret;X
Donneloye;14
Ependes (VD);6
Mathod;5
Molondin;8
Montagny-près-Yverdon;30
Oppens;X
Orges;8
Orzens;8
Pomy;15
Rovray;X
Suchy;10
Suscévaz;X
Treycovagnes;X
Ursins;X
Valeyres-sous-Montagny;9
Valeyres-sous-Ursins;X
Villars-Epeney;X
Vugelles-La Mothe;X
Yverdon-les-Bains;304
Yvonand;41
Brig-Glis;165
Eggerberg;X
Naters;93
Ried-Brig;17
Simplon;8
Termen;8
Zwischbergen;X
Ardon;39
Chamoson;58
Conthey;124
Nendaz;79
Vétroz;53
Bagnes;151
Bourg-Saint-Pierre;X
Liddes;11
Orsières;62
Sembrancher;29
Vollèges;32
Bellwald;6
Binn;X
Ernen;10
Fiesch;23
Fieschertal;X
Lax;5
Obergoms;15
Goms;20
Ayent;45
Evolène;25
Hérémence;20
Saint-Martin (VS);14
Vex;12
Mont-Noble;11
Agarn;13
Albinen;X
Ergisch;X
Inden;X
Leuk;54
Leukerbad;20
Oberems;X
Salgesch;32
Varen;6
Guttet-Feschel;5
Gampel-Bratsch;31
Turtmann-Unterems;21
Bovernier;7
Charrat;28
Fully;72
Isérables;11
Leytron;40
Martigny;235
Martigny-Combe;31
Riddes;34
Saillon;24
Saxon;84
Trient;5
Champéry;26
Collombey-Muraz;141
Monthey;171
Port-Valais;43
Saint-Gingolph;12
Troistorrents;65
Val-d'Illiez;42
Vionnaz;38
Vouvry;68
Bister;X
Bitsch;8
Grengiols;9
Riederalp;X
Ausserberg;8
Blatten;X
Bürchen;8
Eischoll;5
Ferden;X
Kippel;X
Niedergesteln;6
Raron;28
Unterbäch;7
Wiler (Lötschen);8
Mörel-Filet;13
Steg-Hohtenn;26
Bettmeralp;8
Collonges;10
Dorénaz;14
Evionnaz;22
Finhaut;5
Massongex;23
Saint-Maurice;55
Salvan;24
Vernayaz;33
Vérossaz;5
Chalais;58
Chippis;17
Grône;23
Icogne;12
Lens;39
Miège;12
Saint-Léonard;19
Sierre;202
Venthône;9
Veyras;15
Anniviers;54
Crans-Montana;103
Arbaz;18
Grimisuat;29
Savièse;85
Sion;473
Veysonnaz;7
Baltschieder;10
Eisten;X
Embd;X
Grächen;16
Lalden;14
Randa;8
Saas-Almagell;X
Saas-Balen;7
Saas-Fee;27
Saas-Grund;14
St. Niklaus;26
Stalden (VS);20
Staldenried;7
Täsch;7
Törbel;5
Visp;113
Visperterminen;12
Zeneggen;X
Zermatt;69
Boudry;67
Corcelles-Cormondrèche;58
Cortaillod;57
Peseux;59
Rochefort;12
Milvignes;72
La Grande Béroche;139
La Chaux-de-Fonds;615
Les Planchettes;X
La Sagne;20
Les Brenets;27
La Brévine;20
Brot-Plamboz;X
Le Cerneux-Péquignot;7
La Chaux-du-Milieu;9
Le Locle;199
Les Ponts-de-Martel;34
Cornaux;35
Cressier (NE);21
Enges;X
Hauterive (NE);21
Le Landeron;55
Lignières;14
Neuchâtel;303
Saint-Blaise;45
La Tène;58
Valangin;7
Val-de-Ruz;223
La Côte-aux-Fées;12
Les Verrières;19
Val-de-Travers;208
Aire-la-Ville;18
Anières;13
Avully;8
Avusy;16
Bardonnex;20
Bellevue;13
Bernex;63
Carouge (GE);399
Cartigny;13
Céligny;X
Chancy;9
Chêne-Bougeries;56
Chêne-Bourg;111
Choulex;16
Collex-Bossy;11
Collonge-Bellerive;84
Cologny;16
Confignon;28
Corsier (GE);14
Dardagny;11
Genève;1'472
Genthod;16
Le Grand-Saconnex;64
Gy;7
Hermance;5
Jussy;20
Laconnex;5
Lancy;310
Meinier;48
Meyrin;281
Onex;95
Perly-Certoux;52
Plan-les-Ouates;199
Pregny-Chambésy;15
Presinge;8
Puplinge;16
Russin;5
Satigny;216
Soral;5
Thônex;96
Troinex;18
Vandoeuvres;12
Vernier;428
Versoix;89
Veyrier;57
Boécourt;15
Bourrignon;5
Châtillon (JU);X
Courchapoix;6
Courrendlin;47
Courroux;46
Courtételle;26
Delémont;180
Develier;28
Ederswiler;X
Mervelier;8
Mettembert;X
Movelier;10
Pleigne;X
Rossemaison;13
Saulcy;X
Soyhières;7
Haute-Sorne;127
Val Terbi;52
Le Bémont (JU);X
Les Bois;24
Les Breuleux;31
La Chaux-des-Breuleux;X
Les Enfers;X
Les Genevez (JU);12
Lajoux (JU);12
Montfaucon;10
Muriaux;8
Le Noirmont;53
Saignelégier;60
Saint-Brais;X
Soubey;X
Alle;29
Beurnevésin;X
Boncourt;19
Bonfol;22
Bure;10
Coeuve;10
Cornol;19
Courchavon;6
Courgenay;48
Courtedoux;10
Damphreux;X
Fahy;12
Fontenais;26
Grandfontaine;8
Lugnez;5
Porrentruy;102
Vendlincourt;9
Basse-Allaine;20
Clos du Doubs;22
Haute-Ajoie;14
La Baroche;27
